exp_id,arm,style,checkpoint_step,prompt_id,seed,lora_weight,output_path,output_sha256,nearest_training_item,nearest_training_dhash,nearest_holdout_item,nearest_holdout_dhash,max_clip_cosine_to_training,most_similar_training_item_clip,near_copy_flag
EXP-026,EXP-020,minimal-geometric,150,VP1-style,42,0.7,outputs/EXP-025/EXP-025__EXP-020__minimal-geometric__ck00150__VP1-style__seed42__w0p7.png,104e1a36f1c91ac5c4a6be2730e90503cc66ceafaf841c859db2347417ef34cf,DS-0009,25,DS-0077,27,0.471572,DS-0042,False
EXP-026,EXP-020,minimal-geometric,150,VP1-style,42,1.0,outputs/EXP-025/EXP-025__EXP-020__minimal-geometric__ck00150__VP1-style__seed42__w1.png,a4f31b4099f1517358b9e2005ac401694429985d4b65daeff1638dbe651429a5,DS-0037,21,DS-0048,26,0.458044,DS-0003,False
EXP-026,EXP-020,minimal-geometric,150,VP1-style,1337,0.7,outputs/EXP-025/EXP-025__EXP-020__minimal-geometric__ck00150__VP1-style__seed1337__w0p7.png,4653c101b010f50b7d0eb8341a17c185ed5f95c062d194786c47f058180b43fb,DS-0030,22,DS-0103,27,0.651052,DS-0042,False
EXP-026,EXP-020,minimal-geometric,150,VP1-style,1337,1.0,outputs/EXP-025/EXP-025__EXP-020__minimal-geometric__ck00150__VP1-style__seed1337__w1.png,88cc19da94575f7a9eb588a5d98e4405958664fc17bbff5c76d051d3ae27afb0,DS-0030,20,DS-0048,31,0.657839,DS-0042,False
EXP-026,EXP-020,minimal-geometric,150,VP2-shared,42,0.7,outputs/EXP-025/EXP-025__EXP-020__minimal-geometric__ck00150__VP2-shared__seed42__w0p7.png,8560fecb9c93d83da2a8ff55dd1488267ee53f8f28a59e3ba2c78f6145a2c66e,DS-0028,22,DS-0077,26,0.461621,DS-0043,False
EXP-026,EXP-020,minimal-geometric,150,VP2-shared,42,1.0,outputs/EXP-025/EXP-025__EXP-020__minimal-geometric__ck00150__VP2-shared__seed42__w1.png,7e8169a1fc0653c7b8d33c07d96e18de281f0472f40f94194b7a827e26a695be,DS-0007,22,DS-0120,23,0.549257,DS-0043,False
EXP-026,EXP-020,minimal-geometric,150,VP2-shared,1337,0.7,outputs/EXP-025/EXP-025__EXP-020__minimal-geometric__ck00150__VP2-shared__seed1337__w0p7.png,293782be6c1ce2761a6aff61ebe4d9d827715176561d2fada750cf135b6917bf,DS-0040,24,DS-0115,30,0.492586,DS-0038,False
EXP-026,EXP-020,minimal-geometric,150,VP2-shared,1337,1.0,outputs/EXP-025/EXP-025__EXP-020__minimal-geometric__ck00150__VP2-shared__seed1337__w1.png,c33c5127eb90723f419269e46c56bfc8e624e0b584434291ed46c5ecda5a1b65,DS-0051,23,DS-0115,28,0.68196,DS-0038,False
EXP-026,EXP-020,minimal-geometric,300,VP1-style,42,0.7,outputs/EXP-025/EXP-025__EXP-020__minimal-geometric__ck00300__VP1-style__seed42__w0p7.png,e52568eaf8fc5a30ae5f3abdf3a5f83d563b47175c39cddb67de6986496c61a4,DS-0037,23,DS-0048,28,0.551474,DS-0051,False
EXP-026,EXP-020,minimal-geometric,300,VP1-style,42,1.0,outputs/EXP-025/EXP-025__EXP-020__minimal-geometric__ck00300__VP1-style__seed42__w1.png,1717f48237353b1a88ddd19dc8e0764aab4c92f1fcd633fde2f6d1afa8c13764,DS-0037,23,DS-0048,26,0.708055,DS-0043,False
EXP-026,EXP-020,minimal-geometric,300,VP1-style,1337,0.7,outputs/EXP-025/EXP-025__EXP-020__minimal-geometric__ck00300__VP1-style__seed1337__w0p7.png,9efcfd43bd373de39e6f273b2f20fe373aed759546cb51fdcae93277f872b2c7,DS-0030,25,DS-0103,28,0.606235,DS-0013,False
EXP-026,EXP-020,minimal-geometric,300,VP1-style,1337,1.0,outputs/EXP-025/EXP-025__EXP-020__minimal-geometric__ck00300__VP1-style__seed1337__w1.png,ebe8a90ff0e9b62a12c11c1ac2356b6ba8d2edb5df5076ab97c05525e4befca1,DS-0042,24,DS-0120,28,0.715455,DS-0020,False
EXP-026,EXP-020,minimal-geometric,300,VP2-shared,42,0.7,outputs/EXP-025/EXP-025__EXP-020__minimal-geometric__ck00300__VP2-shared__seed42__w0p7.png,fd3ff188224e9996e9644e0cf22b8a0d20342379b9d1de224ece0f69585e1994,DS-0043,21,DS-0120,23,0.6091,DS-0038,False
EXP-026,EXP-020,minimal-geometric,300,VP2-shared,42,1.0,outputs/EXP-025/EXP-025__EXP-020__minimal-geometric__ck00300__VP2-shared__seed42__w1.png,bec9b068ca5920e4ffddb8dc92ca30cafda45e44527283f511d6b79f33a96e7a,DS-0033,21,DS-0048,27,0.672923,DS-0038,False
EXP-026,EXP-020,minimal-geometric,300,VP2-shared,1337,0.7,outputs/EXP-025/EXP-025__EXP-020__minimal-geometric__ck00300__VP2-shared__seed1337__w0p7.png,4ceb201ef16daebfd26aae2d666a338f665df8bd83bb0ec181bda19c11915276,DS-0003,26,DS-0077,29,0.639713,DS-0004,False
EXP-026,EXP-020,minimal-geometric,300,VP2-shared,1337,1.0,outputs/EXP-025/EXP-025__EXP-020__minimal-geometric__ck00300__VP2-shared__seed1337__w1.png,e84a2e7f42a9bcc3afeb7dc2ebf9834e32203966c5e0893ae37336de5303ab74,DS-0018,23,DS-0088,24,0.718465,DS-0004,False
EXP-026,EXP-021,ukiyo-e,150,VP1-style,42,0.7,outputs/EXP-025/EXP-025__EXP-021__ukiyo-e__ck00150__VP1-style__seed42__w0p7.png,bd63ec383f62b16174ec77a3f7d451168e8bbd75f8c9c2473e6f270f14a8f091,DS-0096,21,DS-0048,25,0.628654,DS-0143,False
EXP-026,EXP-021,ukiyo-e,150,VP1-style,42,1.0,outputs/EXP-025/EXP-025__EXP-021__ukiyo-e__ck00150__VP1-style__seed42__w1.png,5add7183609221b8eca17efdfd6eb4b6620f14236801edc928d57474db64a793,DS-0127,17,DS-0115,24,0.691067,DS-0143,False
EXP-026,EXP-021,ukiyo-e,150,VP1-style,1337,0.7,outputs/EXP-025/EXP-025__EXP-021__ukiyo-e__ck00150__VP1-style__seed1337__w0p7.png,6592b966cc53e9c81ad62d5385efc49f3fba09e8c995ddddeca458d4693b8ae0,DS-0097,23,DS-0115,29,0.666939,DS-0137,False
EXP-026,EXP-021,ukiyo-e,150,VP1-style,1337,1.0,outputs/EXP-025/EXP-025__EXP-021__ukiyo-e__ck00150__VP1-style__seed1337__w1.png,40a25d468f34092ed340400394eefdfec6f20787431b4f98bdbc0fd5866fb52f,DS-0105,21,DS-0115,29,0.722256,DS-0137,False
EXP-026,EXP-021,ukiyo-e,150,VP2-shared,42,0.7,outputs/EXP-025/EXP-025__EXP-021__ukiyo-e__ck00150__VP2-shared__seed42__w0p7.png,221e028e4091d76f665f26f492d1da5aacb5c1da00f00db288962e68fcba836a,DS-0114,20,DS-0120,29,0.715977,DS-0134,False
EXP-026,EXP-021,ukiyo-e,150,VP2-shared,42,1.0,outputs/EXP-025/EXP-025__EXP-021__ukiyo-e__ck00150__VP2-shared__seed42__w1.png,3a331037e4ad3ae26da48d0e48b782ca32c5fd84b994cb75fe38253926485751,DS-0114,18,DS-0120,27,0.717998,DS-0094,False
EXP-026,EXP-021,ukiyo-e,150,VP2-shared,1337,0.7,outputs/EXP-025/EXP-025__EXP-021__ukiyo-e__ck00150__VP2-shared__seed1337__w0p7.png,9c3cf03161dd8876dcb677dc3edfb2e0959ab4adb1396928cd06eb46c8d5fe12,DS-0117,23,DS-0103,28,0.72168,DS-0134,False
EXP-026,EXP-021,ukiyo-e,150,VP2-shared,1337,1.0,outputs/EXP-025/EXP-025__EXP-021__ukiyo-e__ck00150__VP2-shared__seed1337__w1.png,eb34de4528dba773d81d50cd2722c3121253592e1ce72123b380fe194036a87d,DS-0097,22,DS-0103,28,0.755477,DS-0094,False
EXP-026,EXP-021,ukiyo-e,300,VP1-style,42,0.7,outputs/EXP-025/EXP-025__EXP-021__ukiyo-e__ck00300__VP1-style__seed42__w0p7.png,0d48a88a00eef4dd39631c0c8b177293ac63cea417162f8c411dd6020d60a138,DS-0127,19,DS-0115,20,0.753325,DS-0137,False
EXP-026,EXP-021,ukiyo-e,300,VP1-style,42,1.0,outputs/EXP-025/EXP-025__EXP-021__ukiyo-e__ck00300__VP1-style__seed42__w1.png,b2b13e6d4474e09eaded15c798376e4f1c56af3c84fde8040e56d3764d85d6fb,DS-0127,18,DS-0115,23,0.754991,DS-0119,False
EXP-026,EXP-021,ukiyo-e,300,VP1-style,1337,0.7,outputs/EXP-025/EXP-025__EXP-021__ukiyo-e__ck00300__VP1-style__seed1337__w0p7.png,5ddc68e02e5a9b2ba85c4ad47eb086900e1fc34b2e996a725131969176116ac5,DS-0105,22,DS-0115,26,0.692373,DS-0137,False
EXP-026,EXP-021,ukiyo-e,300,VP1-style,1337,1.0,outputs/EXP-025/EXP-025__EXP-021__ukiyo-e__ck00300__VP1-style__seed1337__w1.png,66efd8eec54411ce1598655cf252e83f6ec632607e68923327438a1b35aa90bd,DS-0105,20,DS-0103,26,0.72749,DS-0142,False
EXP-026,EXP-021,ukiyo-e,300,VP2-shared,42,0.7,outputs/EXP-025/EXP-025__EXP-021__ukiyo-e__ck00300__VP2-shared__seed42__w0p7.png,8b366d59cde1d0da1edf2c5b011ffdab2c3996e2d8a2a39f6c91e67e93de3dcf,DS-0140,18,DS-0120,21,0.703016,DS-0117,False
EXP-026,EXP-021,ukiyo-e,300,VP2-shared,42,1.0,outputs/EXP-025/EXP-025__EXP-021__ukiyo-e__ck00300__VP2-shared__seed42__w1.png,bdbdda2391ced65fd351c4e669ed70dd0433ab685dfea9b86947466498ea5a43,DS-0114,18,DS-0120,23,0.730012,DS-0099,False
EXP-026,EXP-021,ukiyo-e,300,VP2-shared,1337,0.7,outputs/EXP-025/EXP-025__EXP-021__ukiyo-e__ck00300__VP2-shared__seed1337__w0p7.png,1327829cdf639ff69401d2b36bc4dceee307d1bdcbd259530c7d5358fcc1245b,DS-0110,26,DS-0103,27,0.737299,DS-0134,False
EXP-026,EXP-021,ukiyo-e,300,VP2-shared,1337,1.0,outputs/EXP-025/EXP-025__EXP-021__ukiyo-e__ck00300__VP2-shared__seed1337__w1.png,293fe47abf8668646bbf88c2b5a9674a3ab1d4204fa140ba434574451ec98371,DS-0097,25,DS-0103,31,0.74218,DS-0117,False
EXP-026,EXP-022,retro-poster,150,VP1-style,42,0.7,outputs/EXP-025/EXP-025__EXP-022__retro-poster__ck00150__VP1-style__seed42__w0p7.png,24428234b24adce747f817375c45f23bf3caed11980033df9c049e09b72667f6,DS-0073,28,DS-0120,18,0.244108,DS-0087,False
EXP-026,EXP-022,retro-poster,150,VP1-style,42,1.0,outputs/EXP-025/EXP-025__EXP-022__retro-poster__ck00150__VP1-style__seed42__w1.png,e33c0919629779b9f16cba886dd86ab084f76252697e56730b5fd621d4e1739e,DS-0073,30,DS-0120,18,0.304954,DS-0076,False
EXP-026,EXP-022,retro-poster,150,VP1-style,1337,0.7,outputs/EXP-025/EXP-025__EXP-022__retro-poster__ck00150__VP1-style__seed1337__w0p7.png,3e9e2ca60d4ab869113cc7a4d5326bbbae456b5accf5ad58721664f6e974c8c5,DS-0056,25,DS-0103,28,0.370561,DS-0070,False
EXP-026,EXP-022,retro-poster,150,VP1-style,1337,1.0,outputs/EXP-025/EXP-025__EXP-022__retro-poster__ck00150__VP1-style__seed1337__w1.png,736968e1e5b6c2b494dcd359c4b05b539a79dad56c3ccf51dd374a83d3465803,DS-0056,24,DS-0115,25,0.391814,DS-0064,False
EXP-026,EXP-022,retro-poster,150,VP2-shared,42,0.7,outputs/EXP-025/EXP-025__EXP-022__retro-poster__ck00150__VP2-shared__seed42__w0p7.png,db2abb1266f10d712550e39f4c99eaecb354d7c9f74b76ab769c0f16e2ae412f,DS-0065,27,DS-0120,28,0.391668,DS-0062,False
EXP-026,EXP-022,retro-poster,150,VP2-shared,42,1.0,outputs/EXP-025/EXP-025__EXP-022__retro-poster__ck00150__VP2-shared__seed42__w1.png,349b5f03921bc26196c61ddae7c278d849192ee4684e21565cf7a10354bbe84a,DS-0065,30,DS-0115,22,0.368514,DS-0068,False
EXP-026,EXP-022,retro-poster,150,VP2-shared,1337,0.7,outputs/EXP-025/EXP-025__EXP-022__retro-poster__ck00150__VP2-shared__seed1337__w0p7.png,36f14fc0818777bec5ae19385e797098671e600e7877301b08919a4450103f30,DS-0080,23,DS-0077,27,0.324534,DS-0068,False
EXP-026,EXP-022,retro-poster,150,VP2-shared,1337,1.0,outputs/EXP-025/EXP-025__EXP-022__retro-poster__ck00150__VP2-shared__seed1337__w1.png,dd87efd5b720f5e3fdf2e48ee81c17045114ab48850c45901fd701f23823592c,DS-0080,28,DS-0077,26,0.310367,DS-0068,False
EXP-026,EXP-022,retro-poster,300,VP1-style,42,0.7,outputs/EXP-025/EXP-025__EXP-022__retro-poster__ck00300__VP1-style__seed42__w0p7.png,d8913caa0c8c1f29f8cf63fa5b9a74dfdb19434a123dea930fca4f2d14d5b267,DS-0073,26,DS-0120,20,0.300784,DS-0064,False
EXP-026,EXP-022,retro-poster,300,VP1-style,42,1.0,outputs/EXP-025/EXP-025__EXP-022__retro-poster__ck00300__VP1-style__seed42__w1.png,f43d746f12d50a0937a05d6269c1668fc28e74c02be9f079fd6397ba184d728c,DS-0080,25,DS-0077,27,0.419447,DS-0070,False
EXP-026,EXP-022,retro-poster,300,VP1-style,1337,0.7,outputs/EXP-025/EXP-025__EXP-022__retro-poster__ck00300__VP1-style__seed1337__w0p7.png,bd731c5450339cadec9f45f4044d37dfe33e759b4aa990f1abfb33234f53995a,DS-0064,24,DS-0115,25,0.328603,DS-0070,False
EXP-026,EXP-022,retro-poster,300,VP1-style,1337,1.0,outputs/EXP-025/EXP-025__EXP-022__retro-poster__ck00300__VP1-style__seed1337__w1.png,8e1a6cdbf1de8f410f622cc58aa73dc16eb48fdf26a4858390e2c3adcc8a32a0,DS-0080,25,DS-0115,27,0.372308,DS-0062,False
EXP-026,EXP-022,retro-poster,300,VP2-shared,42,0.7,outputs/EXP-025/EXP-025__EXP-022__retro-poster__ck00300__VP2-shared__seed42__w0p7.png,e7a66a449f8d2b00e35fcc61c1b4787b9fcd06e124bba82c23a6e7c424322d34,DS-0065,28,DS-0120,27,0.43033,DS-0068,False
EXP-026,EXP-022,retro-poster,300,VP2-shared,42,1.0,outputs/EXP-025/EXP-025__EXP-022__retro-poster__ck00300__VP2-shared__seed42__w1.png,0be1f897dda56d2133ec8a1b2f45d94cc374a08c3a4a0b0fcd2b8e8a32b8f2c8,DS-0074,28,DS-0120,25,0.370497,DS-0068,False
EXP-026,EXP-022,retro-poster,300,VP2-shared,1337,0.7,outputs/EXP-025/EXP-025__EXP-022__retro-poster__ck00300__VP2-shared__seed1337__w0p7.png,9baa33f6cd9d6b591ea3668747184b3c1701447fa5dcfab9a9561b07c9429642,DS-0092,27,DS-0115,23,0.3473,DS-0090,False
EXP-026,EXP-022,retro-poster,300,VP2-shared,1337,1.0,outputs/EXP-025/EXP-025__EXP-022__retro-poster__ck00300__VP2-shared__seed1337__w1.png,9f5a7dfcd0b4af9c46532641087b74b1a93bc37a305ff05f1d0dbafe9471b157,DS-0073,29,DS-0103,26,0.37938,DS-0062,False
EXP-026,EXP-023,minimal-geometric,150,VP1-style,42,0.7,outputs/EXP-025/EXP-025__EXP-023__minimal-geometric__ck00150__VP1-style__seed42__w0p7.png,88d8e80d898d5baf1a4dbbb9638ae515d5e5bb5e8888c30f2d0fe125da95f0f0,DS-0037,23,DS-0048,24,0.486186,DS-0034,False
EXP-026,EXP-023,minimal-geometric,150,VP1-style,42,1.0,outputs/EXP-025/EXP-025__EXP-023__minimal-geometric__ck00150__VP1-style__seed42__w1.png,283188cdf3f8bdac449acd9f2a5b22dcb49b2eaf4431102fda7d8f51f3328344,DS-0033,25,DS-0048,25,0.483708,DS-0002,False
EXP-026,EXP-023,minimal-geometric,150,VP1-style,1337,0.7,outputs/EXP-025/EXP-025__EXP-023__minimal-geometric__ck00150__VP1-style__seed1337__w0p7.png,9ab8793ca27bc1d57b7c824ae47117236e5f7d98acd57e531670ad323a5acb19,DS-0003,20,DS-0079,28,0.608609,DS-0004,False
EXP-026,EXP-023,minimal-geometric,150,VP1-style,1337,1.0,outputs/EXP-025/EXP-025__EXP-023__minimal-geometric__ck00150__VP1-style__seed1337__w1.png,f35223c0c63c42f0cdf2b813e899bcab7ff70ce1c334bcd6fb8b44bce4a50b95,DS-0006,21,DS-0115,27,0.617991,DS-0042,False
EXP-026,EXP-023,minimal-geometric,150,VP2-shared,42,0.7,outputs/EXP-025/EXP-025__EXP-023__minimal-geometric__ck00150__VP2-shared__seed42__w0p7.png,44f63f660d7bd05628bf1b372061d18a54437493ff31cd8b1ebce1bfdf500be2,DS-0046,23,DS-0115,28,0.407359,DS-0043,False
EXP-026,EXP-023,minimal-geometric,150,VP2-shared,42,1.0,outputs/EXP-025/EXP-025__EXP-023__minimal-geometric__ck00150__VP2-shared__seed42__w1.png,f7dcc0404c3be5492e8a4222173c89207e6798c7bdeb4cccbf4b52b0ddbd5abe,DS-0043,20,DS-0120,22,0.536128,DS-0051,False
EXP-026,EXP-023,minimal-geometric,150,VP2-shared,1337,0.7,outputs/EXP-025/EXP-025__EXP-023__minimal-geometric__ck00150__VP2-shared__seed1337__w0p7.png,4e7e6843c4d0c4ab6e7e609010430535a75d7ea76eb358730eb7d5868210b0be,DS-0040,25,DS-0103,31,0.475805,DS-0038,False
EXP-026,EXP-023,minimal-geometric,150,VP2-shared,1337,1.0,outputs/EXP-025/EXP-025__EXP-023__minimal-geometric__ck00150__VP2-shared__seed1337__w1.png,943f6f85ed9aaaaca26c0808c285cebac0c3381593db9053f7db0bb9e624b650,DS-0001,27,DS-0103,28,0.454022,DS-0002,False
EXP-026,EXP-023,minimal-geometric,300,VP1-style,42,0.7,outputs/EXP-025/EXP-025__EXP-023__minimal-geometric__ck00300__VP1-style__seed42__w0p7.png,4c52c51f88d84e572bc088373dc686c6c335f39707a78dbc63029dfe3756c3ac,DS-0028,21,DS-0115,27,0.430643,DS-0050,False
EXP-026,EXP-023,minimal-geometric,300,VP1-style,42,1.0,outputs/EXP-025/EXP-025__EXP-023__minimal-geometric__ck00300__VP1-style__seed42__w1.png,5e408e84c81656f349bfb45b44241e820b9079e8ecfce9cc49a4902b54e1c81d,DS-0031,24,DS-0077,28,0.599634,DS-0051,False
EXP-026,EXP-023,minimal-geometric,300,VP1-style,1337,0.7,outputs/EXP-025/EXP-025__EXP-023__minimal-geometric__ck00300__VP1-style__seed1337__w0p7.png,e85dd25c7d938a69ff302b2a6f56d93e0cf5cca10b1578b747ba4afc462cf02a,DS-0030,23,DS-0103,28,0.630379,DS-0051,False
EXP-026,EXP-023,minimal-geometric,300,VP1-style,1337,1.0,outputs/EXP-025/EXP-025__EXP-023__minimal-geometric__ck00300__VP1-style__seed1337__w1.png,90a249cd145f2823fd32fbcf529a90c7cd8db8c020e68e615df2be0b0c25420e,DS-0030,18,DS-0079,28,0.679857,DS-0051,False
EXP-026,EXP-023,minimal-geometric,300,VP2-shared,42,0.7,outputs/EXP-025/EXP-025__EXP-023__minimal-geometric__ck00300__VP2-shared__seed42__w0p7.png,e30f159be84985a731c6d364e641e6cbb349af4526e6a4e61492105f0cb739b2,DS-0050,21,DS-0088,24,0.461367,DS-0043,False
EXP-026,EXP-023,minimal-geometric,300,VP2-shared,42,1.0,outputs/EXP-025/EXP-025__EXP-023__minimal-geometric__ck00300__VP2-shared__seed42__w1.png,89d69de9e6cdd69cfc174152d35f1a72f8907aea6101ce741fb2348b83941e13,DS-0004,22,DS-0048,22,0.680022,DS-0038,False
EXP-026,EXP-023,minimal-geometric,300,VP2-shared,1337,0.7,outputs/EXP-025/EXP-025__EXP-023__minimal-geometric__ck00300__VP2-shared__seed1337__w0p7.png,6cc84e6f7c6e028fd60a14e5930fc7ed66f72bf742dced25e2e6b717f2135949,DS-0012,26,DS-0088,30,0.504167,DS-0038,False
EXP-026,EXP-023,minimal-geometric,300,VP2-shared,1337,1.0,outputs/EXP-025/EXP-025__EXP-023__minimal-geometric__ck00300__VP2-shared__seed1337__w1.png,b808fcc3d662a9b419da80195b7f447def0e8ed3adc509666be02938acb48723,DS-0013,22,DS-0079,27,0.664145,DS-0038,False
EXP-026,EXP-024n12,minimal-geometric,150,VP1-style,42,0.7,outputs/EXP-025/EXP-025__EXP-024n12__minimal-geometric__ck00150__VP1-style__seed42__w0p7.png,95c72005d18c49ac16ffd722c4d80802a8a1cf005164ced84fd9b6a777328460,DS-0015,23,DS-0120,28,0.520264,DS-0006,False
EXP-026,EXP-024n12,minimal-geometric,150,VP1-style,42,1.0,outputs/EXP-025/EXP-025__EXP-024n12__minimal-geometric__ck00150__VP1-style__seed42__w1.png,1a00f54b684c52efef5bbdab3c8371da1a9069fc89fd32dae0a192c021ca1ebf,DS-0006,22,DS-0115,24,0.463293,DS-0042,False
EXP-026,EXP-024n12,minimal-geometric,150,VP1-style,1337,0.7,outputs/EXP-025/EXP-025__EXP-024n12__minimal-geometric__ck00150__VP1-style__seed1337__w0p7.png,5355f40bfeb080c4baf9c15e0083ca6aee9bd77728310eb6a1682255ca2acd90,DS-0006,23,DS-0079,28,0.510693,DS-0051,False
EXP-026,EXP-024n12,minimal-geometric,150,VP1-style,1337,1.0,outputs/EXP-025/EXP-025__EXP-024n12__minimal-geometric__ck00150__VP1-style__seed1337__w1.png,b90dc4ed285a43897b3a8aa944859859516e369e9069ebdbac0c70f0b1ca036e,DS-0003,26,DS-0120,30,0.583745,DS-0004,False
EXP-026,EXP-024n12,minimal-geometric,150,VP2-shared,42,0.7,outputs/EXP-025/EXP-025__EXP-024n12__minimal-geometric__ck00150__VP2-shared__seed42__w0p7.png,c4f201135d3c0a9f1514ee627580a76b2fbb54174f830198567cf377bcad6bda,DS-0028,20,DS-0048,30,0.387555,DS-0043,False
EXP-026,EXP-024n12,minimal-geometric,150,VP2-shared,42,1.0,outputs/EXP-025/EXP-025__EXP-024n12__minimal-geometric__ck00150__VP2-shared__seed42__w1.png,9ce940a09df0ef38a3b242a59acae074215084cf7d8e7e7dfa1391fa2cea99fa,DS-0017,22,DS-0115,28,0.445856,DS-0043,False
EXP-026,EXP-024n12,minimal-geometric,150,VP2-shared,1337,0.7,outputs/EXP-025/EXP-025__EXP-024n12__minimal-geometric__ck00150__VP2-shared__seed1337__w0p7.png,ad736674d1b4c36fce4c779ad2410d6e0b56a32059fe963822ae45eb4ce218ab,DS-0040,22,DS-0103,30,0.515902,DS-0038,False
EXP-026,EXP-024n12,minimal-geometric,150,VP2-shared,1337,1.0,outputs/EXP-025/EXP-025__EXP-024n12__minimal-geometric__ck00150__VP2-shared__seed1337__w1.png,8d129511ef4f53e1a01f96960188dedcfc498c37fd0bc2198df97253e616b1c7,DS-0027,25,DS-0077,33,0.53396,DS-0038,False
EXP-026,EXP-024n12,minimal-geometric,300,VP1-style,42,0.7,outputs/EXP-025/EXP-025__EXP-024n12__minimal-geometric__ck00300__VP1-style__seed42__w0p7.png,93eedae7fb5bb30192ed7ac9a93a1a9d2d30d79f6fe4516b3e01a48a17fdc10d,DS-0013,22,DS-0120,29,0.529389,DS-0006,False
EXP-026,EXP-024n12,minimal-geometric,300,VP1-style,42,1.0,outputs/EXP-025/EXP-025__EXP-024n12__minimal-geometric__ck00300__VP1-style__seed42__w1.png,b39876b4a3d9057ed348ba23b268c273a40d331e7b7e1bdc973dd36976aebdab,DS-0030,22,DS-0048,29,0.526592,DS-0004,False
EXP-026,EXP-024n12,minimal-geometric,300,VP1-style,1337,0.7,outputs/EXP-025/EXP-025__EXP-024n12__minimal-geometric__ck00300__VP1-style__seed1337__w0p7.png,daac76b2470102f170592c63625e842b407635d6ef56d59b73d2da8edeead844,DS-0003,23,DS-0115,26,0.616111,DS-0042,False
EXP-026,EXP-024n12,minimal-geometric,300,VP1-style,1337,1.0,outputs/EXP-025/EXP-025__EXP-024n12__minimal-geometric__ck00300__VP1-style__seed1337__w1.png,71837817ddef010f64433762487b2a74f98a9c6d06677b7deccdabd19d4234c2,DS-0030,20,DS-0103,27,0.623723,DS-0051,False
EXP-026,EXP-024n12,minimal-geometric,300,VP2-shared,42,0.7,outputs/EXP-025/EXP-025__EXP-024n12__minimal-geometric__ck00300__VP2-shared__seed42__w0p7.png,1453f72527c0714848ed84e97aad338cbaebbe7614bf32cd5224e3cab0d2a860,DS-0050,21,DS-0048,28,0.472187,DS-0043,False
EXP-026,EXP-024n12,minimal-geometric,300,VP2-shared,42,1.0,outputs/EXP-025/EXP-025__EXP-024n12__minimal-geometric__ck00300__VP2-shared__seed42__w1.png,5aa9e4617e248c8fcbccfe8607dacbf3955ddd3bacfaccaed501f020ddd98641,DS-0025,24,DS-0115,24,0.562405,DS-0007,False
EXP-026,EXP-024n12,minimal-geometric,300,VP2-shared,1337,0.7,outputs/EXP-025/EXP-025__EXP-024n12__minimal-geometric__ck00300__VP2-shared__seed1337__w0p7.png,7126f7f96e1dc37f4f4c1d86976a9790af5b8105367458192c5e21488eb202f9,DS-0001,25,DS-0103,26,0.518849,DS-0038,False
EXP-026,EXP-024n12,minimal-geometric,300,VP2-shared,1337,1.0,outputs/EXP-025/EXP-025__EXP-024n12__minimal-geometric__ck00300__VP2-shared__seed1337__w1.png,602e8006ef57249fec5650653ffe3a5f8d307308355df38db0d86553c50e5984,DS-0013,19,DS-0079,30,0.627447,DS-0041,False
EXP-026,EXP-024n24,minimal-geometric,150,VP1-style,42,0.7,outputs/EXP-025/EXP-025__EXP-024n24__minimal-geometric__ck00150__VP1-style__seed42__w0p7.png,ab4ace6386ed8ac3a3c53f2895bfdb92e1213891dba459516629ff8953acaced,DS-0046,20,DS-0048,27,0.354662,DS-0003,False
EXP-026,EXP-024n24,minimal-geometric,150,VP1-style,42,1.0,outputs/EXP-025/EXP-025__EXP-024n24__minimal-geometric__ck00150__VP1-style__seed42__w1.png,470a3db0086c0ea2f5dd5bef2f6780467b1be70d4ff09b92507fca2fd2002619,DS-0012,21,DS-0048,29,0.374571,DS-0003,False
EXP-026,EXP-024n24,minimal-geometric,150,VP1-style,1337,0.7,outputs/EXP-025/EXP-025__EXP-024n24__minimal-geometric__ck00150__VP1-style__seed1337__w0p7.png,043e30fc42a0bf99738871560daf11af53845d4ddd8da33259f8dfb13bc8fbcd,DS-0016,26,DS-0088,28,0.422273,DS-0042,False
EXP-026,EXP-024n24,minimal-geometric,150,VP1-style,1337,1.0,outputs/EXP-025/EXP-025__EXP-024n24__minimal-geometric__ck00150__VP1-style__seed1337__w1.png,d3cbcb2ba1615ed6ae7b2fae0e1309f0342334367303fe79b6f5eb2f898cd7a6,DS-0004,26,DS-0115,26,0.401605,DS-0052,False
EXP-026,EXP-024n24,minimal-geometric,150,VP2-shared,42,0.7,outputs/EXP-025/EXP-025__EXP-024n24__minimal-geometric__ck00150__VP2-shared__seed42__w0p7.png,b7bce3c8b5b714af8d9c4ad0034709cca005c919f6be7d7785c19a447dbb2bbe,DS-0028,19,DS-0115,25,0.429879,DS-0043,False
EXP-026,EXP-024n24,minimal-geometric,150,VP2-shared,42,1.0,outputs/EXP-025/EXP-025__EXP-024n24__minimal-geometric__ck00150__VP2-shared__seed42__w1.png,fad6d4cd8226dd5a66d7d0ccf33d655ff106645b305d0bad1b488680182a6cad,DS-0046,20,DS-0120,28,0.494883,DS-0043,False
EXP-026,EXP-024n24,minimal-geometric,150,VP2-shared,1337,0.7,outputs/EXP-025/EXP-025__EXP-024n24__minimal-geometric__ck00150__VP2-shared__seed1337__w0p7.png,c70a794b25da461fb35e2d143b6fb67d9268d3de8d1ea8e52769427d28672950,DS-0001,25,DS-0079,29,0.365986,DS-0050,False
EXP-026,EXP-024n24,minimal-geometric,150,VP2-shared,1337,1.0,outputs/EXP-025/EXP-025__EXP-024n24__minimal-geometric__ck00150__VP2-shared__seed1337__w1.png,96aa621093fef1a5b080a063cec6506c7cf27dc4435e69c21706c6f32d85b7a4,DS-0012,24,DS-0048,32,0.436021,DS-0038,False
EXP-026,EXP-024n24,minimal-geometric,300,VP1-style,42,0.7,outputs/EXP-025/EXP-025__EXP-024n24__minimal-geometric__ck00300__VP1-style__seed42__w0p7.png,7a0f6a95a16605d8dd8eace50930d7abcdde5d013bf8badcc3db329814618cb5,DS-0012,19,DS-0115,23,0.452463,DS-0030,False
EXP-026,EXP-024n24,minimal-geometric,300,VP1-style,42,1.0,outputs/EXP-025/EXP-025__EXP-024n24__minimal-geometric__ck00300__VP1-style__seed42__w1.png,3a534d87afb79ee201f91ca3bc630d495d498bc8dd6ed3d388bdc08c5ffd3361,DS-0012,20,DS-0120,25,0.497421,DS-0037,False
EXP-026,EXP-024n24,minimal-geometric,300,VP1-style,1337,0.7,outputs/EXP-025/EXP-025__EXP-024n24__minimal-geometric__ck00300__VP1-style__seed1337__w0p7.png,eb58127aa0520bcdee36fbec1153bc87a7979717012d0fc42bb6c77e8b996264,DS-0043,23,DS-0115,26,0.449933,DS-0051,False
EXP-026,EXP-024n24,minimal-geometric,300,VP1-style,1337,1.0,outputs/EXP-025/EXP-025__EXP-024n24__minimal-geometric__ck00300__VP1-style__seed1337__w1.png,f9f06cce8cd5f2969d9374b540e60a77267f248df429a509b1ed27084b164ed0,DS-0019,24,DS-0103,23,0.414213,DS-0020,False
EXP-026,EXP-024n24,minimal-geometric,300,VP2-shared,42,0.7,outputs/EXP-025/EXP-025__EXP-024n24__minimal-geometric__ck00300__VP2-shared__seed42__w0p7.png,6701ead515ad918c75d506c317c629f5c55773fb2875dcb11868d7bb51965025,DS-0046,22,DS-0048,27,0.443546,DS-0043,False
EXP-026,EXP-024n24,minimal-geometric,300,VP2-shared,42,1.0,outputs/EXP-025/EXP-025__EXP-024n24__minimal-geometric__ck00300__VP2-shared__seed42__w1.png,3a028174adabc762d7da3850c99b8b3e03f60dc5341fab959bd84e25f3e635e9,DS-0012,22,DS-0048,26,0.416599,DS-0043,False
EXP-026,EXP-024n24,minimal-geometric,300,VP2-shared,1337,0.7,outputs/EXP-025/EXP-025__EXP-024n24__minimal-geometric__ck00300__VP2-shared__seed1337__w0p7.png,6b1832bf5925c17cb03b2ef2f2ea04214d4ffaf730fef7d4d05cc3b6750960ac,DS-0032,24,DS-0115,29,0.437272,DS-0038,False
EXP-026,EXP-024n24,minimal-geometric,300,VP2-shared,1337,1.0,outputs/EXP-025/EXP-025__EXP-024n24__minimal-geometric__ck00300__VP2-shared__seed1337__w1.png,09ff7df0d78a163c3ec2b7be663496393fbc4d61c4566a34b027901240ea2509,DS-0011,25,DS-0088,28,0.481359,DS-0006,False
EXP-026,BASE-minimal-geometric,minimal-geometric,0,VP1-style,42,,outputs/EXP-025/EXP-025__BASE-minimal-geometric__minimal-geometric__ck00000__VP1-style__seed42__base.png,d3740778e9ee7a70fd2f1712f5e706185d4eb75f8a91ed944677d6f6a1889586,DS-0015,23,DS-0120,28,0.369702,DS-0006,False
EXP-026,BASE-minimal-geometric,minimal-geometric,0,VP1-style,1337,,outputs/EXP-025/EXP-025__BASE-minimal-geometric__minimal-geometric__ck00000__VP1-style__seed1337__base.png,13a89a3b8feb5c898486842cd9d14072f6c05caad0bc6f7643eeff62240453e7,DS-0016,23,DS-0103,29,0.422669,DS-0042,False
EXP-026,BASE-minimal-geometric,minimal-geometric,0,VP2-shared,42,,outputs/EXP-025/EXP-025__BASE-minimal-geometric__minimal-geometric__ck00000__VP2-shared__seed42__base.png,44c9954e14382a16e654b85419d0b10bbdb6c7fe471211eefe3effab15399434,DS-0030,22,DS-0048,23,0.399003,DS-0043,False
EXP-026,BASE-minimal-geometric,minimal-geometric,0,VP2-shared,1337,,outputs/EXP-025/EXP-025__BASE-minimal-geometric__minimal-geometric__ck00000__VP2-shared__seed1337__base.png,89ce02962b3916e5932d00ad9b7731038dc0609404f4d60f8dc56bcb5d0e1b52,DS-0042,23,DS-0079,27,0.316459,DS-0030,False
EXP-026,BASE-ukiyo-e,ukiyo-e,0,VP1-style,42,,outputs/EXP-025/EXP-025__BASE-ukiyo-e__ukiyo-e__ck00000__VP1-style__seed42__base.png,a8ffcd2207064596c961fc17e3303da99eee7b190cd8ad197934528bb5fa3738,DS-0104,20,DS-0048,26,0.282508,DS-0137,False
EXP-026,BASE-ukiyo-e,ukiyo-e,0,VP1-style,1337,,outputs/EXP-025/EXP-025__BASE-ukiyo-e__ukiyo-e__ck00000__VP1-style__seed1337__base.png,3e8f3b6e9eb494eae8032988a153b053883346cc103ab44c8d44d68b189f7ea3,DS-0145,20,DS-0103,22,0.548559,DS-0137,False
EXP-026,BASE-ukiyo-e,ukiyo-e,0,VP2-shared,42,,outputs/EXP-025/EXP-025__BASE-ukiyo-e__ukiyo-e__ck00000__VP2-shared__seed42__base.png,957eec8be70a13deb3a534f87d9df775a2680ecbc308fbfdd6dea35fbc4a64ce,DS-0137,16,DS-0120,24,0.373569,DS-0123,False
EXP-026,BASE-ukiyo-e,ukiyo-e,0,VP2-shared,1337,,outputs/EXP-025/EXP-025__BASE-ukiyo-e__ukiyo-e__ck00000__VP2-shared__seed1337__base.png,c2848c9389cb3fac9a7123033613830fcdd4dd76dd4405882c26044f2e10276d,DS-0105,18,DS-0115,26,0.397444,DS-0134,False
EXP-026,BASE-retro-poster,retro-poster,0,VP1-style,42,,outputs/EXP-025/EXP-025__BASE-retro-poster__retro-poster__ck00000__VP1-style__seed42__base.png,07d80ac234fcd173a2cafcaf1dded7753058fde4423fb823b5f32b7d57d9726b,DS-0073,24,DS-0120,22,0.2748,DS-0076,False
EXP-026,BASE-retro-poster,retro-poster,0,VP1-style,1337,,outputs/EXP-025/EXP-025__BASE-retro-poster__retro-poster__ck00000__VP1-style__seed1337__base.png,312c778f45a2bd6cfc25c3e464db4cb09f4f537f57cbd17940b3e6d982282a41,DS-0087,25,DS-0048,27,0.245073,DS-0062,False
EXP-026,BASE-retro-poster,retro-poster,0,VP2-shared,42,,outputs/EXP-025/EXP-025__BASE-retro-poster__retro-poster__ck00000__VP2-shared__seed42__base.png,f63a2216f422db2ae81b831c667e9c6f1c25967959c2cf8cd48fbc709350e83f,DS-0084,22,DS-0079,23,0.200103,DS-0073,False
EXP-026,BASE-retro-poster,retro-poster,0,VP2-shared,1337,,outputs/EXP-025/EXP-025__BASE-retro-poster__retro-poster__ck00000__VP2-shared__seed1337__base.png,d64f9f18e265a7651f3a84d0a31616a3ecd24c1256176255daf5deba2d57c727,DS-0081,23,DS-0103,24,0.306375,DS-0068,False
