exp_id,arm,kind,style,checkpoint_step,prompt_id,prompt_role,seed,lora_weight,geometry,output_path,output_sha256,nearest_training_item,nearest_training_dhash,nearest_holdout_item,nearest_holdout_dhash,max_clip_cosine_to_training,most_similar_training_item_clip,near_copy_flag
EXP-033,EXP-027,candidate,minimal-geometric,300,FP1-style,style-matching,42,0.0,512x512,outputs/EXP-031/EXP-031__EXP-027__minimal-geometric__ck00300__FP1-style__seed42__w0__512x512.png,d3740778e9ee7a70fd2f1712f5e706185d4eb75f8a91ed944677d6f6a1889586,DS-0015,23,DS-0120,28,0.369702,DS-0006,False
EXP-033,EXP-027,candidate,minimal-geometric,300,FP1-style,style-matching,42,0.4,512x512,outputs/EXP-031/EXP-031__EXP-027__minimal-geometric__ck00300__FP1-style__seed42__w0p4__512x512.png,47cf59a59cd3f08a25e19597a950b6168ceeee1487eb6254095324dd8e0d73bd,DS-0006,24,DS-0115,26,0.47344,DS-0006,False
EXP-033,EXP-027,candidate,minimal-geometric,300,FP1-style,style-matching,42,0.7,512x512,outputs/EXP-031/EXP-031__EXP-027__minimal-geometric__ck00300__FP1-style__seed42__w0p7__512x512.png,208c91deadb8dcb5590e0b7981df7035487db112377f7366b2b01ce3fdf74dc2,DS-0051,22,DS-0048,29,0.443445,DS-0050,False
EXP-033,EXP-027,candidate,minimal-geometric,300,FP1-style,style-matching,42,1.0,512x512,outputs/EXP-031/EXP-031__EXP-027__minimal-geometric__ck00300__FP1-style__seed42__w1__512x512.png,d6f2866d9ca348e9bba9d335221aba7bf4054e559c98abaf9dd50638f379d376,DS-0039,25,DS-0048,28,0.685547,DS-0007,False
EXP-033,EXP-027,candidate,minimal-geometric,300,FP1-style,style-matching,1337,0.0,512x512,outputs/EXP-031/EXP-031__EXP-027__minimal-geometric__ck00300__FP1-style__seed1337__w0__512x512.png,13a89a3b8feb5c898486842cd9d14072f6c05caad0bc6f7643eeff62240453e7,DS-0016,23,DS-0103,29,0.422669,DS-0042,False
EXP-033,EXP-027,candidate,minimal-geometric,300,FP1-style,style-matching,1337,0.4,512x512,outputs/EXP-031/EXP-031__EXP-027__minimal-geometric__ck00300__FP1-style__seed1337__w0p4__512x512.png,4a731c51d6e1220c301144d0902baa4208438016e39f8fae711457542269980c,DS-0030,20,DS-0115,29,0.573095,DS-0020,False
EXP-033,EXP-027,candidate,minimal-geometric,300,FP1-style,style-matching,1337,0.7,512x512,outputs/EXP-031/EXP-031__EXP-027__minimal-geometric__ck00300__FP1-style__seed1337__w0p7__512x512.png,318621acbd294c33e541b94efd2af8832bc02dc8ce94b39bee067622523badc7,DS-0030,19,DS-0079,29,0.644979,DS-0013,False
EXP-033,EXP-027,candidate,minimal-geometric,300,FP1-style,style-matching,1337,1.0,512x512,outputs/EXP-031/EXP-031__EXP-027__minimal-geometric__ck00300__FP1-style__seed1337__w1__512x512.png,502581564a40234a8babdf7e0e0348cd23396e77938f8494e267bae770073fd6,DS-0027,26,DS-0077,28,0.727783,DS-0035,False
EXP-033,EXP-027,candidate,minimal-geometric,300,FP2-shared,shared-cross-style,42,0.0,512x512,outputs/EXP-031/EXP-031__EXP-027__minimal-geometric__ck00300__FP2-shared__seed42__w0__512x512.png,44c9954e14382a16e654b85419d0b10bbdb6c7fe471211eefe3effab15399434,DS-0030,22,DS-0048,23,0.399003,DS-0043,False
EXP-033,EXP-027,candidate,minimal-geometric,300,FP2-shared,shared-cross-style,42,0.4,512x512,outputs/EXP-031/EXP-031__EXP-027__minimal-geometric__ck00300__FP2-shared__seed42__w0p4__512x512.png,1d5b878305ab722213df2bfc7ed8dad7b114dae61451779254f8d70160ddbf18,DS-0012,21,DS-0048,25,0.447667,DS-0043,False
EXP-033,EXP-027,candidate,minimal-geometric,300,FP2-shared,shared-cross-style,42,0.7,512x512,outputs/EXP-031/EXP-031__EXP-027__minimal-geometric__ck00300__FP2-shared__seed42__w0p7__512x512.png,8a9213508df4be98e269a84f9141c661a4aea6dd300c12542f91305266e9f120,DS-0050,18,DS-0088,27,0.45434,DS-0043,False
EXP-033,EXP-027,candidate,minimal-geometric,300,FP2-shared,shared-cross-style,42,1.0,512x512,outputs/EXP-031/EXP-031__EXP-027__minimal-geometric__ck00300__FP2-shared__seed42__w1__512x512.png,0af8a18ffa8739ebd5b9e5208b37231da3cb6bf2c3d5a673c0a67754f8202301,DS-0033,23,DS-0048,25,0.714125,DS-0023,False
EXP-033,EXP-027,candidate,minimal-geometric,300,FP2-shared,shared-cross-style,1337,0.0,512x512,outputs/EXP-031/EXP-031__EXP-027__minimal-geometric__ck00300__FP2-shared__seed1337__w0__512x512.png,89ce02962b3916e5932d00ad9b7731038dc0609404f4d60f8dc56bcb5d0e1b52,DS-0042,23,DS-0079,27,0.316459,DS-0030,False
EXP-033,EXP-027,candidate,minimal-geometric,300,FP2-shared,shared-cross-style,1337,0.4,512x512,outputs/EXP-031/EXP-031__EXP-027__minimal-geometric__ck00300__FP2-shared__seed1337__w0p4__512x512.png,bbc53da1ea8ac46ab5744b893c16de5950fd9cb453f4bdc94ccaff8580e4c34f,DS-0023,24,DS-0115,28,0.421924,DS-0038,False
EXP-033,EXP-027,candidate,minimal-geometric,300,FP2-shared,shared-cross-style,1337,0.7,512x512,outputs/EXP-031/EXP-031__EXP-027__minimal-geometric__ck00300__FP2-shared__seed1337__w0p7__512x512.png,cdbdfe816f277b0887bda18fbc30a73481e30ec30184d488d22a20a7aa5639e6,DS-0012,23,DS-0088,29,0.546232,DS-0038,False
EXP-033,EXP-027,candidate,minimal-geometric,300,FP2-shared,shared-cross-style,1337,1.0,512x512,outputs/EXP-031/EXP-031__EXP-027__minimal-geometric__ck00300__FP2-shared__seed1337__w1__512x512.png,82661f48713a7ddf7a56b9c85ded41ff1f2d78ab6b7f56b0ab9ed6312d313479,DS-0027,23,DS-0077,27,0.682443,DS-0004,False
EXP-033,EXP-027,candidate,minimal-geometric,300,FP1-style,style-matching,42,0.7,512x512,outputs/EXP-031/EXP-031__EXP-027__minimal-geometric__ck00300__FP1-style__seed42__w0p7__512x512.png,208c91deadb8dcb5590e0b7981df7035487db112377f7366b2b01ce3fdf74dc2,DS-0051,22,DS-0048,29,0.443445,DS-0050,False
EXP-033,EXP-027,candidate,minimal-geometric,300,FP1-style,style-matching,1337,0.7,512x512,outputs/EXP-031/EXP-031__EXP-027__minimal-geometric__ck00300__FP1-style__seed1337__w0p7__512x512.png,318621acbd294c33e541b94efd2af8832bc02dc8ce94b39bee067622523badc7,DS-0030,19,DS-0079,29,0.644979,DS-0013,False
EXP-033,EXP-027,candidate,minimal-geometric,300,FP1-style,style-matching,2026,0.7,512x512,outputs/EXP-031/EXP-031__EXP-027__minimal-geometric__ck00300__FP1-style__seed2026__w0p7__512x512.png,179f16dc9c131c552110a292ca5763f945a65b77b5ef81657268d45cb2c9f077,DS-0038,26,DS-0120,26,0.546537,DS-0051,False
EXP-033,EXP-027,candidate,minimal-geometric,300,FP2-shared,shared-cross-style,42,0.7,512x512,outputs/EXP-031/EXP-031__EXP-027__minimal-geometric__ck00300__FP2-shared__seed42__w0p7__512x512.png,8a9213508df4be98e269a84f9141c661a4aea6dd300c12542f91305266e9f120,DS-0050,18,DS-0088,27,0.45434,DS-0043,False
EXP-033,EXP-027,candidate,minimal-geometric,300,FP2-shared,shared-cross-style,1337,0.7,512x512,outputs/EXP-031/EXP-031__EXP-027__minimal-geometric__ck00300__FP2-shared__seed1337__w0p7__512x512.png,cdbdfe816f277b0887bda18fbc30a73481e30ec30184d488d22a20a7aa5639e6,DS-0012,23,DS-0088,29,0.546232,DS-0038,False
EXP-033,EXP-027,candidate,minimal-geometric,300,FP2-shared,shared-cross-style,2026,0.7,512x512,outputs/EXP-031/EXP-031__EXP-027__minimal-geometric__ck00300__FP2-shared__seed2026__w0p7__512x512.png,6e3fdf25da0b03e8940999ca75473ce6cac6c2c95e369df3d6a2875d34f7943c,DS-0008,23,DS-0120,29,0.526147,DS-0047,False
EXP-033,EXP-027,candidate,minimal-geometric,300,FP3-out-of-style,out-of-style,42,0.7,512x512,outputs/EXP-031/EXP-031__EXP-027__minimal-geometric__ck00300__FP3-out-of-style__seed42__w0p7__512x512.png,5952803346155e98f0b89e54718d7604aff9ad187a52085a27b9cbfdc0ec7777,DS-0045,23,DS-0048,28,0.526948,DS-0023,False
EXP-033,EXP-027,candidate,minimal-geometric,300,FP3-out-of-style,out-of-style,1337,0.7,512x512,outputs/EXP-031/EXP-031__EXP-027__minimal-geometric__ck00300__FP3-out-of-style__seed1337__w0p7__512x512.png,31f287e8c04fdb1ec1382c189b5999d697b309e27543a388918bfacc163396a9,DS-0019,24,DS-0103,23,0.740116,DS-0018,False
EXP-033,EXP-027,candidate,minimal-geometric,300,FP3-out-of-style,out-of-style,2026,0.7,512x512,outputs/EXP-031/EXP-031__EXP-027__minimal-geometric__ck00300__FP3-out-of-style__seed2026__w0p7__512x512.png,b138ea7884690c2c0c4d8a0f7e44cf25cac89a7d2d5bbe2d064994551d0422ce,DS-0049,24,DS-0120,28,0.682809,DS-0051,False
EXP-033,EXP-027,candidate,minimal-geometric,300,FP4-style-free,style-free,42,0.7,512x512,outputs/EXP-031/EXP-031__EXP-027__minimal-geometric__ck00300__FP4-style-free__seed42__w0p7__512x512.png,1416f2bce8356a44a8045f3c4c88e71d342cd0b26a84549898f59076dc80b3f5,DS-0017,21,DS-0048,23,0.422211,DS-0003,False
EXP-033,EXP-027,candidate,minimal-geometric,300,FP4-style-free,style-free,1337,0.7,512x512,outputs/EXP-031/EXP-031__EXP-027__minimal-geometric__ck00300__FP4-style-free__seed1337__w0p7__512x512.png,3ca2869711775e4aec21685ffd5cd30b2bf890ee28266080e1a10e5952c8e226,DS-0016,28,DS-0079,29,0.532229,DS-0024,False
EXP-033,EXP-027,candidate,minimal-geometric,300,FP4-style-free,style-free,2026,0.7,512x512,outputs/EXP-031/EXP-031__EXP-027__minimal-geometric__ck00300__FP4-style-free__seed2026__w0p7__512x512.png,fb303be31f6a2cd163fa23887029858a0a1765c858827a34a5279f072da7f8b7,DS-0024,25,DS-0120,28,0.509203,DS-0012,False
EXP-033,EXP-027,candidate,minimal-geometric,300,FP1-style,style-matching,42,0.7,512x1536,outputs/EXP-031/EXP-031__EXP-027__minimal-geometric__ck00300__FP1-style__seed42__w0p7__512x1536.png,dedb88ad0aa1e2484802d0c646e2a5f02d718f01af1841cf0fff73acc39ea907,DS-0028,21,DS-0115,27,0.472404,DS-0003,False
EXP-033,EXP-027,candidate,minimal-geometric,300,FP1-style,style-matching,42,1.0,512x1536,outputs/EXP-031/EXP-031__EXP-027__minimal-geometric__ck00300__FP1-style__seed42__w1__512x1536.png,b1140f68b7fba8975f7a93bacbe966b028fba2975d2ad10d2dcf8507eb0fdffa,DS-0027,22,DS-0115,24,0.727797,DS-0037,False
EXP-033,EXP-027,candidate,minimal-geometric,300,FP1-style,style-matching,1337,0.7,512x1536,outputs/EXP-031/EXP-031__EXP-027__minimal-geometric__ck00300__FP1-style__seed1337__w0p7__512x1536.png,350b9275f5bc755f9bf495f104df9bed0d66a4e350ff8a036143347f34052b63,DS-0004,24,DS-0048,24,0.574665,DS-0042,False
EXP-033,EXP-027,candidate,minimal-geometric,300,FP1-style,style-matching,1337,1.0,512x1536,outputs/EXP-031/EXP-031__EXP-027__minimal-geometric__ck00300__FP1-style__seed1337__w1__512x1536.png,8d0087520b4458b38866a3690c2cdb76d8d0aa17f08d5c813edb0018e78365f8,DS-0050,21,DS-0103,30,0.621147,DS-0050,False
EXP-033,EXP-027,candidate,minimal-geometric,600,FP1-style,style-matching,42,0.0,512x512,outputs/EXP-031/EXP-031__EXP-027__minimal-geometric__ck00600__FP1-style__seed42__w0__512x512.png,d3740778e9ee7a70fd2f1712f5e706185d4eb75f8a91ed944677d6f6a1889586,DS-0015,23,DS-0120,28,0.369702,DS-0006,False
EXP-033,EXP-027,candidate,minimal-geometric,600,FP1-style,style-matching,42,0.4,512x512,outputs/EXP-031/EXP-031__EXP-027__minimal-geometric__ck00600__FP1-style__seed42__w0p4__512x512.png,6fd0e9fee66ec6ad1718f565d16bbb922337f8cfa5fcc9fbe566d9c9e21b4ee4,DS-0050,23,DS-0077,28,0.457238,DS-0042,False
EXP-033,EXP-027,candidate,minimal-geometric,600,FP1-style,style-matching,42,0.7,512x512,outputs/EXP-031/EXP-031__EXP-027__minimal-geometric__ck00600__FP1-style__seed42__w0p7__512x512.png,d93b3333d55c90b29c1c65c5a8f804eebcf9cbd61cfb10918c4f7b330632950f,DS-0043,17,DS-0077,28,0.493288,DS-0051,False
EXP-033,EXP-027,candidate,minimal-geometric,600,FP1-style,style-matching,42,1.0,512x512,outputs/EXP-031/EXP-031__EXP-027__minimal-geometric__ck00600__FP1-style__seed42__w1__512x512.png,e70673184cb32ca68829b199fe5484e3cecaa3c81a9a49819db28335c8d6cea4,DS-0042,23,DS-0115,26,0.678492,DS-0003,False
EXP-033,EXP-027,candidate,minimal-geometric,600,FP1-style,style-matching,1337,0.0,512x512,outputs/EXP-031/EXP-031__EXP-027__minimal-geometric__ck00600__FP1-style__seed1337__w0__512x512.png,13a89a3b8feb5c898486842cd9d14072f6c05caad0bc6f7643eeff62240453e7,DS-0016,23,DS-0103,29,0.422669,DS-0042,False
EXP-033,EXP-027,candidate,minimal-geometric,600,FP1-style,style-matching,1337,0.4,512x512,outputs/EXP-031/EXP-031__EXP-027__minimal-geometric__ck00600__FP1-style__seed1337__w0p4__512x512.png,9897b876a2aae127dc753bd969c251c08b98296bbe32a03ec93571f6fea7359a,DS-0040,23,DS-0103,29,0.619162,DS-0050,False
EXP-033,EXP-027,candidate,minimal-geometric,600,FP1-style,style-matching,1337,0.7,512x512,outputs/EXP-031/EXP-031__EXP-027__minimal-geometric__ck00600__FP1-style__seed1337__w0p7__512x512.png,6ffe6b8928494c13b384c748db200b01d32fdd110e990cb4e2797063ecb970c2,DS-0025,23,DS-0115,27,0.714228,DS-0051,False
EXP-033,EXP-027,candidate,minimal-geometric,600,FP1-style,style-matching,1337,1.0,512x512,outputs/EXP-031/EXP-031__EXP-027__minimal-geometric__ck00600__FP1-style__seed1337__w1__512x512.png,38e405ab76bfd7430c864c5979960ea0227d6fb8c7a856974e0f1254a36a17eb,DS-0027,23,DS-0079,24,0.750379,DS-0035,False
EXP-033,EXP-027,candidate,minimal-geometric,600,FP2-shared,shared-cross-style,42,0.0,512x512,outputs/EXP-031/EXP-031__EXP-027__minimal-geometric__ck00600__FP2-shared__seed42__w0__512x512.png,44c9954e14382a16e654b85419d0b10bbdb6c7fe471211eefe3effab15399434,DS-0030,22,DS-0048,23,0.399003,DS-0043,False
EXP-033,EXP-027,candidate,minimal-geometric,600,FP2-shared,shared-cross-style,42,0.4,512x512,outputs/EXP-031/EXP-031__EXP-027__minimal-geometric__ck00600__FP2-shared__seed42__w0p4__512x512.png,c1c03eb830139ec3910374277474cc5f9dd774d2f617e52700cc332a4368ab26,DS-0037,22,DS-0048,27,0.445741,DS-0043,False
EXP-033,EXP-027,candidate,minimal-geometric,600,FP2-shared,shared-cross-style,42,0.7,512x512,outputs/EXP-031/EXP-031__EXP-027__minimal-geometric__ck00600__FP2-shared__seed42__w0p7__512x512.png,012e539874946517f4a200d3a8a8d4e398ee52ae9dafb6f31162824d2ee30e5d,DS-0002,22,DS-0103,23,0.620903,DS-0004,False
EXP-033,EXP-027,candidate,minimal-geometric,600,FP2-shared,shared-cross-style,42,1.0,512x512,outputs/EXP-031/EXP-031__EXP-027__minimal-geometric__ck00600__FP2-shared__seed42__w1__512x512.png,64cd4069648594322a0d9f643716938227183a0c8f19bb181cb6fad6791c9f32,DS-0011,22,DS-0048,27,0.704564,DS-0003,False
EXP-033,EXP-027,candidate,minimal-geometric,600,FP2-shared,shared-cross-style,1337,0.0,512x512,outputs/EXP-031/EXP-031__EXP-027__minimal-geometric__ck00600__FP2-shared__seed1337__w0__512x512.png,89ce02962b3916e5932d00ad9b7731038dc0609404f4d60f8dc56bcb5d0e1b52,DS-0042,23,DS-0079,27,0.316459,DS-0030,False
EXP-033,EXP-027,candidate,minimal-geometric,600,FP2-shared,shared-cross-style,1337,0.4,512x512,outputs/EXP-031/EXP-031__EXP-027__minimal-geometric__ck00600__FP2-shared__seed1337__w0p4__512x512.png,41a086d1a87f8fd40e18364afd7d967ef3d32c23af2fea2246c2fae1d6f100cf,DS-0012,25,DS-0077,29,0.460433,DS-0043,False
EXP-033,EXP-027,candidate,minimal-geometric,600,FP2-shared,shared-cross-style,1337,0.7,512x512,outputs/EXP-031/EXP-031__EXP-027__minimal-geometric__ck00600__FP2-shared__seed1337__w0p7__512x512.png,304dec1dc6a81b458747ca466fe5772812df7b9b23345161a8754e0834c0b075,DS-0023,20,DS-0115,24,0.713763,DS-0051,False
EXP-033,EXP-027,candidate,minimal-geometric,600,FP2-shared,shared-cross-style,1337,1.0,512x512,outputs/EXP-031/EXP-031__EXP-027__minimal-geometric__ck00600__FP2-shared__seed1337__w1__512x512.png,d8847e8be775a1de7d9639e773c2daa5b99ec6c6ffccf2053152be61ac4cbe7d,DS-0003,22,DS-0079,24,0.72666,DS-0016,False
EXP-033,EXP-027,candidate,minimal-geometric,600,FP1-style,style-matching,42,0.7,512x512,outputs/EXP-031/EXP-031__EXP-027__minimal-geometric__ck00600__FP1-style__seed42__w0p7__512x512.png,d93b3333d55c90b29c1c65c5a8f804eebcf9cbd61cfb10918c4f7b330632950f,DS-0043,17,DS-0077,28,0.493288,DS-0051,False
EXP-033,EXP-027,candidate,minimal-geometric,600,FP1-style,style-matching,1337,0.7,512x512,outputs/EXP-031/EXP-031__EXP-027__minimal-geometric__ck00600__FP1-style__seed1337__w0p7__512x512.png,6ffe6b8928494c13b384c748db200b01d32fdd110e990cb4e2797063ecb970c2,DS-0025,23,DS-0115,27,0.714228,DS-0051,False
EXP-033,EXP-027,candidate,minimal-geometric,600,FP1-style,style-matching,2026,0.7,512x512,outputs/EXP-031/EXP-031__EXP-027__minimal-geometric__ck00600__FP1-style__seed2026__w0p7__512x512.png,e9f8dba0602ca4c42d6c8bdf0af7d0006a5f954defe02d6944fe344002cbe2dd,DS-0008,24,DS-0120,30,0.609071,DS-0003,False
EXP-033,EXP-027,candidate,minimal-geometric,600,FP2-shared,shared-cross-style,42,0.7,512x512,outputs/EXP-031/EXP-031__EXP-027__minimal-geometric__ck00600__FP2-shared__seed42__w0p7__512x512.png,012e539874946517f4a200d3a8a8d4e398ee52ae9dafb6f31162824d2ee30e5d,DS-0002,22,DS-0103,23,0.620903,DS-0004,False
EXP-033,EXP-027,candidate,minimal-geometric,600,FP2-shared,shared-cross-style,1337,0.7,512x512,outputs/EXP-031/EXP-031__EXP-027__minimal-geometric__ck00600__FP2-shared__seed1337__w0p7__512x512.png,304dec1dc6a81b458747ca466fe5772812df7b9b23345161a8754e0834c0b075,DS-0023,20,DS-0115,24,0.713763,DS-0051,False
EXP-033,EXP-027,candidate,minimal-geometric,600,FP2-shared,shared-cross-style,2026,0.7,512x512,outputs/EXP-031/EXP-031__EXP-027__minimal-geometric__ck00600__FP2-shared__seed2026__w0p7__512x512.png,4f723b4a35bf20a33ddd935a41eaef8b026a2f8f382ee13fdcde845afeda67f9,DS-0008,26,DS-0088,27,0.615859,DS-0051,False
EXP-033,EXP-027,candidate,minimal-geometric,600,FP3-out-of-style,out-of-style,42,0.7,512x512,outputs/EXP-031/EXP-031__EXP-027__minimal-geometric__ck00600__FP3-out-of-style__seed42__w0p7__512x512.png,7729977927f371033d3b9388ade6a092420f9ddb7c63b37157667fec03a10ad7,DS-0010,25,DS-0077,27,0.64572,DS-0042,False
EXP-033,EXP-027,candidate,minimal-geometric,600,FP3-out-of-style,out-of-style,1337,0.7,512x512,outputs/EXP-031/EXP-031__EXP-027__minimal-geometric__ck00600__FP3-out-of-style__seed1337__w0p7__512x512.png,8fd51604ccbbddcf2f3d7c5ba1080c5b183aeb0600a96ae4fad6daa73b3b4974,DS-0040,25,DS-0115,29,0.741494,DS-0018,False
EXP-033,EXP-027,candidate,minimal-geometric,600,FP3-out-of-style,out-of-style,2026,0.7,512x512,outputs/EXP-031/EXP-031__EXP-027__minimal-geometric__ck00600__FP3-out-of-style__seed2026__w0p7__512x512.png,88556c43448bdb64f4757cee5aba2245f546e235326eb8d09092837edcf20da0,DS-0025,25,DS-0120,28,0.713827,DS-0050,False
EXP-033,EXP-027,candidate,minimal-geometric,600,FP4-style-free,style-free,42,0.7,512x512,outputs/EXP-031/EXP-031__EXP-027__minimal-geometric__ck00600__FP4-style-free__seed42__w0p7__512x512.png,f17666cd42f00e15cd131bd1f8d1f1b4a4a18a56a612fc46a4817a4181acd863,DS-0045,20,DS-0048,25,0.487637,DS-0003,False
EXP-033,EXP-027,candidate,minimal-geometric,600,FP4-style-free,style-free,1337,0.7,512x512,outputs/EXP-031/EXP-031__EXP-027__minimal-geometric__ck00600__FP4-style-free__seed1337__w0p7__512x512.png,439be8c838a8ca7c6f68137261d2405e1a228aa247ec8e890ec99960c938721a,DS-0008,24,DS-0048,27,0.483705,DS-0024,False
EXP-033,EXP-027,candidate,minimal-geometric,600,FP4-style-free,style-free,2026,0.7,512x512,outputs/EXP-031/EXP-031__EXP-027__minimal-geometric__ck00600__FP4-style-free__seed2026__w0p7__512x512.png,dd9475d53560137df84fbe35bb49b29e2c182e4731b6e32e669d71b2fc38fbf1,DS-0008,24,DS-0088,29,0.504569,DS-0012,False
EXP-033,EXP-027,candidate,minimal-geometric,600,FP1-style,style-matching,42,0.7,512x1536,outputs/EXP-031/EXP-031__EXP-027__minimal-geometric__ck00600__FP1-style__seed42__w0p7__512x1536.png,fcf97de8bdd88b5c397e1c4748ef0c959849f1b620751c6acaec48d26db09940,DS-0052,18,DS-0115,27,0.487767,DS-0003,False
EXP-033,EXP-027,candidate,minimal-geometric,600,FP1-style,style-matching,42,1.0,512x1536,outputs/EXP-031/EXP-031__EXP-027__minimal-geometric__ck00600__FP1-style__seed42__w1__512x1536.png,1a03b6d1d1dfbd513a62d8b01970060c790b840d01323dc529b1f6aeb4e8d16f,DS-0027,20,DS-0115,28,0.703357,DS-0003,False
EXP-033,EXP-027,candidate,minimal-geometric,600,FP1-style,style-matching,1337,0.7,512x1536,outputs/EXP-031/EXP-031__EXP-027__minimal-geometric__ck00600__FP1-style__seed1337__w0p7__512x1536.png,33ee37e1ea49ac66692bd659b9fbe42f2b758ad77788f04f8632957f99dc9c91,DS-0038,23,DS-0048,26,0.614538,DS-0042,False
EXP-033,EXP-027,candidate,minimal-geometric,600,FP1-style,style-matching,1337,1.0,512x1536,outputs/EXP-031/EXP-031__EXP-027__minimal-geometric__ck00600__FP1-style__seed1337__w1__512x1536.png,885ec4cfd5a98aa668208e6b8832d91552f0ecc57186cb1fee75fe32e22e50b0,DS-0010,22,DS-0048,26,0.679586,DS-0034,False
EXP-033,EXP-028,candidate,ukiyo-e,300,FP1-style,style-matching,42,0.0,512x512,outputs/EXP-031/EXP-031__EXP-028__ukiyo-e__ck00300__FP1-style__seed42__w0__512x512.png,a8ffcd2207064596c961fc17e3303da99eee7b190cd8ad197934528bb5fa3738,DS-0104,20,DS-0048,26,0.282508,DS-0137,False
EXP-033,EXP-028,candidate,ukiyo-e,300,FP1-style,style-matching,42,0.4,512x512,outputs/EXP-031/EXP-031__EXP-028__ukiyo-e__ck00300__FP1-style__seed42__w0p4__512x512.png,786137bf5cdcc81887b1d45ee3cef01f2c50638b7c4cf3c12ddb91220ce0e436,DS-0127,19,DS-0115,26,0.584625,DS-0137,False
EXP-033,EXP-028,candidate,ukiyo-e,300,FP1-style,style-matching,42,0.7,512x512,outputs/EXP-031/EXP-031__EXP-028__ukiyo-e__ck00300__FP1-style__seed42__w0p7__512x512.png,7bac98692af92e0f1b5cdb63eea171e8fcc515fe0c3e88cd8d07c76a2c0248a9,DS-0127,21,DS-0115,24,0.704361,DS-0143,False
EXP-033,EXP-028,candidate,ukiyo-e,300,FP1-style,style-matching,42,1.0,512x512,outputs/EXP-031/EXP-031__EXP-028__ukiyo-e__ck00300__FP1-style__seed42__w1__512x512.png,c92cf2e0a0025a61dc3a3d5e782b8f7b323f262650860235720acd20d93a3383,DS-0127,19,DS-0115,22,0.763037,DS-0141,False
EXP-033,EXP-028,candidate,ukiyo-e,300,FP1-style,style-matching,1337,0.0,512x512,outputs/EXP-031/EXP-031__EXP-028__ukiyo-e__ck00300__FP1-style__seed1337__w0__512x512.png,3e8f3b6e9eb494eae8032988a153b053883346cc103ab44c8d44d68b189f7ea3,DS-0145,20,DS-0103,22,0.548559,DS-0137,False
EXP-033,EXP-028,candidate,ukiyo-e,300,FP1-style,style-matching,1337,0.4,512x512,outputs/EXP-031/EXP-031__EXP-028__ukiyo-e__ck00300__FP1-style__seed1337__w0p4__512x512.png,3f58c276e525abd6de2935bf4f193e1140671927209bedaf17b61a351f6f118b,DS-0105,21,DS-0115,27,0.6678,DS-0137,False
EXP-033,EXP-028,candidate,ukiyo-e,300,FP1-style,style-matching,1337,0.7,512x512,outputs/EXP-031/EXP-031__EXP-028__ukiyo-e__ck00300__FP1-style__seed1337__w0p7__512x512.png,69de82612c6497111f7f752d5864fba3ac6f52b1f8cb9d22e008f1ab74989d75,DS-0097,24,DS-0115,30,0.714166,DS-0137,False
EXP-033,EXP-028,candidate,ukiyo-e,300,FP1-style,style-matching,1337,1.0,512x512,outputs/EXP-031/EXP-031__EXP-028__ukiyo-e__ck00300__FP1-style__seed1337__w1__512x512.png,2f9f35f911494e6422d1ce85631d77422ef74524e036075819d10eb937a14615,DS-0113,19,DS-0103,28,0.770113,DS-0137,False
EXP-033,EXP-028,candidate,ukiyo-e,300,FP2-shared,shared-cross-style,42,0.0,512x512,outputs/EXP-031/EXP-031__EXP-028__ukiyo-e__ck00300__FP2-shared__seed42__w0__512x512.png,957eec8be70a13deb3a534f87d9df775a2680ecbc308fbfdd6dea35fbc4a64ce,DS-0137,16,DS-0120,24,0.373569,DS-0123,False
EXP-033,EXP-028,candidate,ukiyo-e,300,FP2-shared,shared-cross-style,42,0.4,512x512,outputs/EXP-031/EXP-031__EXP-028__ukiyo-e__ck00300__FP2-shared__seed42__w0p4__512x512.png,46e9fc57e870fc0d541e13e03123ff13ea7232f497405517ab9f7b7170e06fa5,DS-0137,15,DS-0120,27,0.436508,DS-0123,False
EXP-033,EXP-028,candidate,ukiyo-e,300,FP2-shared,shared-cross-style,42,0.7,512x512,outputs/EXP-031/EXP-031__EXP-028__ukiyo-e__ck00300__FP2-shared__seed42__w0p7__512x512.png,1607c36dead5b028e90a4d1f53b012df584df2a412dfbd27e929673c088c792d,DS-0140,17,DS-0120,24,0.669209,DS-0143,False
EXP-033,EXP-028,candidate,ukiyo-e,300,FP2-shared,shared-cross-style,42,1.0,512x512,outputs/EXP-031/EXP-031__EXP-028__ukiyo-e__ck00300__FP2-shared__seed42__w1__512x512.png,7bdb410aa328f134117c6f5c164aec13d21a00a15b6d3e9d5eda49fcc6aca814,DS-0140,17,DS-0120,24,0.725319,DS-0099,False
EXP-033,EXP-028,candidate,ukiyo-e,300,FP2-shared,shared-cross-style,1337,0.0,512x512,outputs/EXP-031/EXP-031__EXP-028__ukiyo-e__ck00300__FP2-shared__seed1337__w0__512x512.png,c2848c9389cb3fac9a7123033613830fcdd4dd76dd4405882c26044f2e10276d,DS-0105,18,DS-0115,26,0.397444,DS-0134,False
EXP-033,EXP-028,candidate,ukiyo-e,300,FP2-shared,shared-cross-style,1337,0.4,512x512,outputs/EXP-031/EXP-031__EXP-028__ukiyo-e__ck00300__FP2-shared__seed1337__w0p4__512x512.png,a8e3aa857232f648299e39cf5d4407b13e8f4a9e73c568445f47948dc454f1a0,DS-0123,23,DS-0103,30,0.496943,DS-0123,False
EXP-033,EXP-028,candidate,ukiyo-e,300,FP2-shared,shared-cross-style,1337,0.7,512x512,outputs/EXP-031/EXP-031__EXP-028__ukiyo-e__ck00300__FP2-shared__seed1337__w0p7__512x512.png,6f94068ee352a0db017072061f393ba0ace10932c887883c47683c8442e8865a,DS-0097,26,DS-0103,24,0.743289,DS-0094,False
EXP-033,EXP-028,candidate,ukiyo-e,300,FP2-shared,shared-cross-style,1337,1.0,512x512,outputs/EXP-031/EXP-031__EXP-028__ukiyo-e__ck00300__FP2-shared__seed1337__w1__512x512.png,941eba5201c7e8b0a2755d3c2e9a5d9a351f7b9997d8fae23f4b07ad8b1a827d,DS-0104,23,DS-0103,27,0.748817,DS-0114,False
EXP-033,EXP-028,candidate,ukiyo-e,300,FP1-style,style-matching,42,0.7,512x512,outputs/EXP-031/EXP-031__EXP-028__ukiyo-e__ck00300__FP1-style__seed42__w0p7__512x512.png,7bac98692af92e0f1b5cdb63eea171e8fcc515fe0c3e88cd8d07c76a2c0248a9,DS-0127,21,DS-0115,24,0.704361,DS-0143,False
EXP-033,EXP-028,candidate,ukiyo-e,300,FP1-style,style-matching,1337,0.7,512x512,outputs/EXP-031/EXP-031__EXP-028__ukiyo-e__ck00300__FP1-style__seed1337__w0p7__512x512.png,69de82612c6497111f7f752d5864fba3ac6f52b1f8cb9d22e008f1ab74989d75,DS-0097,24,DS-0115,30,0.714166,DS-0137,False
EXP-033,EXP-028,candidate,ukiyo-e,300,FP1-style,style-matching,2026,0.7,512x512,outputs/EXP-031/EXP-031__EXP-028__ukiyo-e__ck00300__FP1-style__seed2026__w0p7__512x512.png,639426903591107742fa62c7f114e51464439c5474cf751bd99245c42048ee2b,DS-0096,23,DS-0120,30,0.373306,DS-0101,False
EXP-033,EXP-028,candidate,ukiyo-e,300,FP2-shared,shared-cross-style,42,0.7,512x512,outputs/EXP-031/EXP-031__EXP-028__ukiyo-e__ck00300__FP2-shared__seed42__w0p7__512x512.png,1607c36dead5b028e90a4d1f53b012df584df2a412dfbd27e929673c088c792d,DS-0140,17,DS-0120,24,0.669209,DS-0143,False
EXP-033,EXP-028,candidate,ukiyo-e,300,FP2-shared,shared-cross-style,1337,0.7,512x512,outputs/EXP-031/EXP-031__EXP-028__ukiyo-e__ck00300__FP2-shared__seed1337__w0p7__512x512.png,6f94068ee352a0db017072061f393ba0ace10932c887883c47683c8442e8865a,DS-0097,26,DS-0103,24,0.743289,DS-0094,False
EXP-033,EXP-028,candidate,ukiyo-e,300,FP2-shared,shared-cross-style,2026,0.7,512x512,outputs/EXP-031/EXP-031__EXP-028__ukiyo-e__ck00300__FP2-shared__seed2026__w0p7__512x512.png,e8fdf79f67707fbe90a29920f49cfecb0137986645b5fef14eefbb2015e28d3c,DS-0101,21,DS-0120,22,0.512859,DS-0098,False
EXP-033,EXP-028,candidate,ukiyo-e,300,FP3-out-of-style,out-of-style,42,0.7,512x512,outputs/EXP-031/EXP-031__EXP-028__ukiyo-e__ck00300__FP3-out-of-style__seed42__w0p7__512x512.png,dbbe39bc1261c07e4c2980ef8713379ce3d02c057247e11cdbf33255c0080b06,DS-0127,23,DS-0048,28,0.712166,DS-0097,False
EXP-033,EXP-028,candidate,ukiyo-e,300,FP3-out-of-style,out-of-style,1337,0.7,512x512,outputs/EXP-031/EXP-031__EXP-028__ukiyo-e__ck00300__FP3-out-of-style__seed1337__w0p7__512x512.png,cb38f7387f24b1544ea36b0e276fbfce5a5d2b24326d1eb80ac973e370c7af06,DS-0105,24,DS-0077,28,0.609165,DS-0114,False
EXP-033,EXP-028,candidate,ukiyo-e,300,FP3-out-of-style,out-of-style,2026,0.7,512x512,outputs/EXP-031/EXP-031__EXP-028__ukiyo-e__ck00300__FP3-out-of-style__seed2026__w0p7__512x512.png,739fe7f53c2e016709514ed51a36b6ce87599a12be3447b796da6f40630fdab1,DS-0107,22,DS-0088,28,0.482082,DS-0124,False
EXP-033,EXP-028,candidate,ukiyo-e,300,FP4-style-free,style-free,42,0.7,512x512,outputs/EXP-031/EXP-031__EXP-028__ukiyo-e__ck00300__FP4-style-free__seed42__w0p7__512x512.png,ab4545bdd3ef970663f22aac25dec56f01d71fab9d504d7304a63d7a284070ae,DS-0140,19,DS-0048,27,0.207873,DS-0098,False
EXP-033,EXP-028,candidate,ukiyo-e,300,FP4-style-free,style-free,1337,0.7,512x512,outputs/EXP-031/EXP-031__EXP-028__ukiyo-e__ck00300__FP4-style-free__seed1337__w0p7__512x512.png,7787662498000cb58b403cbce6b871117b625b988f559af11431802e29ddd0d8,DS-0105,20,DS-0103,26,0.278553,DS-0123,False
EXP-033,EXP-028,candidate,ukiyo-e,300,FP4-style-free,style-free,2026,0.7,512x512,outputs/EXP-031/EXP-031__EXP-028__ukiyo-e__ck00300__FP4-style-free__seed2026__w0p7__512x512.png,09637df2a4d6e28e38a1dd00565bbaf09c31738f62974108262050b2d442ddce,DS-0118,20,DS-0120,23,0.272042,DS-0101,False
EXP-033,EXP-028,candidate,ukiyo-e,300,FP1-style,style-matching,42,0.7,512x1536,outputs/EXP-031/EXP-031__EXP-028__ukiyo-e__ck00300__FP1-style__seed42__w0p7__512x1536.png,568520a79f0cc94cc01be75e1311effe743fea7d7cae55587562899403f48fb2,DS-0126,20,DS-0115,21,0.594831,DS-0096,False
EXP-033,EXP-028,candidate,ukiyo-e,300,FP1-style,style-matching,42,1.0,512x1536,outputs/EXP-031/EXP-031__EXP-028__ukiyo-e__ck00300__FP1-style__seed42__w1__512x1536.png,1b9aeaf9053c0c7b9b113b8bffb6ab25ffb613c409d4c97afbce1e1a042ba6fa,DS-0126,17,DS-0115,22,0.616032,DS-0101,False
EXP-033,EXP-028,candidate,ukiyo-e,300,FP1-style,style-matching,1337,0.7,512x1536,outputs/EXP-031/EXP-031__EXP-028__ukiyo-e__ck00300__FP1-style__seed1337__w0p7__512x1536.png,488eb7bf093606016788bee72da03278f33567ea89a217be8783f732ed242e30,DS-0137,19,DS-0048,28,0.61171,DS-0143,False
EXP-033,EXP-028,candidate,ukiyo-e,300,FP1-style,style-matching,1337,1.0,512x1536,outputs/EXP-031/EXP-031__EXP-028__ukiyo-e__ck00300__FP1-style__seed1337__w1__512x1536.png,2d62a5519694e00eaf00db496ef488309ddda731fe95a2c9d641d0ccb95eebc4,DS-0113,21,DS-0048,24,0.630441,DS-0101,False
EXP-033,EXP-028,candidate,ukiyo-e,600,FP1-style,style-matching,42,0.0,512x512,outputs/EXP-031/EXP-031__EXP-028__ukiyo-e__ck00600__FP1-style__seed42__w0__512x512.png,a8ffcd2207064596c961fc17e3303da99eee7b190cd8ad197934528bb5fa3738,DS-0104,20,DS-0048,26,0.282508,DS-0137,False
EXP-033,EXP-028,candidate,ukiyo-e,600,FP1-style,style-matching,42,0.4,512x512,outputs/EXP-031/EXP-031__EXP-028__ukiyo-e__ck00600__FP1-style__seed42__w0p4__512x512.png,d48ce8f807770a806e54c3c75809dbf7c8d0dc1ebf7779b96b99a09b0269475b,DS-0101,20,DS-0048,26,0.592575,DS-0143,False
EXP-033,EXP-028,candidate,ukiyo-e,600,FP1-style,style-matching,42,0.7,512x512,outputs/EXP-031/EXP-031__EXP-028__ukiyo-e__ck00600__FP1-style__seed42__w0p7__512x512.png,b3b141e06b65281cd73c930690466fa1e8aac8f8a69146b9d73cfe80281a0afb,DS-0101,18,DS-0115,24,0.781561,DS-0119,False
EXP-033,EXP-028,candidate,ukiyo-e,600,FP1-style,style-matching,42,1.0,512x512,outputs/EXP-031/EXP-031__EXP-028__ukiyo-e__ck00600__FP1-style__seed42__w1__512x512.png,a51e7bbe78af9ee1d4d4b7d4d70cccd41d4e843f7c11b1dec35324dfc1c2c186,DS-0108,18,DS-0115,26,0.827163,DS-0119,False
EXP-033,EXP-028,candidate,ukiyo-e,600,FP1-style,style-matching,1337,0.0,512x512,outputs/EXP-031/EXP-031__EXP-028__ukiyo-e__ck00600__FP1-style__seed1337__w0__512x512.png,3e8f3b6e9eb494eae8032988a153b053883346cc103ab44c8d44d68b189f7ea3,DS-0145,20,DS-0103,22,0.548559,DS-0137,False
EXP-033,EXP-028,candidate,ukiyo-e,600,FP1-style,style-matching,1337,0.4,512x512,outputs/EXP-031/EXP-031__EXP-028__ukiyo-e__ck00600__FP1-style__seed1337__w0p4__512x512.png,77ac4b44522db061ab3bde16cc7554b099e91755796287ce2c7c7392282b3f1b,DS-0110,23,DS-0103,26,0.69302,DS-0143,False
EXP-033,EXP-028,candidate,ukiyo-e,600,FP1-style,style-matching,1337,0.7,512x512,outputs/EXP-031/EXP-031__EXP-028__ukiyo-e__ck00600__FP1-style__seed1337__w0p7__512x512.png,91eb05536d8dcb1a5161de0c2bd134a408f9740302d0daa8b01013c424fa0db7,DS-0105,25,DS-0103,29,0.794427,DS-0137,False
EXP-033,EXP-028,candidate,ukiyo-e,600,FP1-style,style-matching,1337,1.0,512x512,outputs/EXP-031/EXP-031__EXP-028__ukiyo-e__ck00600__FP1-style__seed1337__w1__512x512.png,b65770b3e636743af2979505b3d6f573f5c9bf7bd9aca18bbb57198a4ca8b0b6,DS-0105,25,DS-0079,26,0.783915,DS-0141,False
EXP-033,EXP-028,candidate,ukiyo-e,600,FP2-shared,shared-cross-style,42,0.0,512x512,outputs/EXP-031/EXP-031__EXP-028__ukiyo-e__ck00600__FP2-shared__seed42__w0__512x512.png,957eec8be70a13deb3a534f87d9df775a2680ecbc308fbfdd6dea35fbc4a64ce,DS-0137,16,DS-0120,24,0.373569,DS-0123,False
EXP-033,EXP-028,candidate,ukiyo-e,600,FP2-shared,shared-cross-style,42,0.4,512x512,outputs/EXP-031/EXP-031__EXP-028__ukiyo-e__ck00600__FP2-shared__seed42__w0p4__512x512.png,34978923a073916a9f38be5d0d285c3260d61a404031495600e286a7ac204aeb,DS-0113,19,DS-0048,24,0.493589,DS-0123,False
EXP-033,EXP-028,candidate,ukiyo-e,600,FP2-shared,shared-cross-style,42,0.7,512x512,outputs/EXP-031/EXP-031__EXP-028__ukiyo-e__ck00600__FP2-shared__seed42__w0p7__512x512.png,164deed762ef1558816cf39d0639d76b37c7c4f4a709a7878b2b0359e0bdb777,DS-0137,23,DS-0115,24,0.745858,DS-0099,False
EXP-033,EXP-028,candidate,ukiyo-e,600,FP2-shared,shared-cross-style,42,1.0,512x512,outputs/EXP-031/EXP-031__EXP-028__ukiyo-e__ck00600__FP2-shared__seed42__w1__512x512.png,b53698d6884d26a8fc298341a5c57d77a8aa166fcabfc7503339488f0578170b,DS-0129,18,DS-0115,30,0.732954,DS-0098,False
EXP-033,EXP-028,candidate,ukiyo-e,600,FP2-shared,shared-cross-style,1337,0.0,512x512,outputs/EXP-031/EXP-031__EXP-028__ukiyo-e__ck00600__FP2-shared__seed1337__w0__512x512.png,c2848c9389cb3fac9a7123033613830fcdd4dd76dd4405882c26044f2e10276d,DS-0105,18,DS-0115,26,0.397444,DS-0134,False
EXP-033,EXP-028,candidate,ukiyo-e,600,FP2-shared,shared-cross-style,1337,0.4,512x512,outputs/EXP-031/EXP-031__EXP-028__ukiyo-e__ck00600__FP2-shared__seed1337__w0p4__512x512.png,c916f76ad008ad44ada5144344598bce304c9bfac695947b2e59199691a3231c,DS-0105,21,DS-0048,31,0.460926,DS-0134,False
EXP-033,EXP-028,candidate,ukiyo-e,600,FP2-shared,shared-cross-style,1337,0.7,512x512,outputs/EXP-031/EXP-031__EXP-028__ukiyo-e__ck00600__FP2-shared__seed1337__w0p7__512x512.png,0ba0a423511678f9364478a795ff707bcce93245c7b367c49d0ecb5e6dde55c7,DS-0145,22,DS-0115,26,0.785156,DS-0117,False
EXP-033,EXP-028,candidate,ukiyo-e,600,FP2-shared,shared-cross-style,1337,1.0,512x512,outputs/EXP-031/EXP-031__EXP-028__ukiyo-e__ck00600__FP2-shared__seed1337__w1__512x512.png,a46253e0c709f764208cd19e448c714bdf978da88707e6621f19f600c7586a3f,DS-0109,17,DS-0115,21,0.762479,DS-0117,False
EXP-033,EXP-028,candidate,ukiyo-e,600,FP1-style,style-matching,42,0.7,512x512,outputs/EXP-031/EXP-031__EXP-028__ukiyo-e__ck00600__FP1-style__seed42__w0p7__512x512.png,b3b141e06b65281cd73c930690466fa1e8aac8f8a69146b9d73cfe80281a0afb,DS-0101,18,DS-0115,24,0.781561,DS-0119,False
EXP-033,EXP-028,candidate,ukiyo-e,600,FP1-style,style-matching,1337,0.7,512x512,outputs/EXP-031/EXP-031__EXP-028__ukiyo-e__ck00600__FP1-style__seed1337__w0p7__512x512.png,91eb05536d8dcb1a5161de0c2bd134a408f9740302d0daa8b01013c424fa0db7,DS-0105,25,DS-0103,29,0.794427,DS-0137,False
EXP-033,EXP-028,candidate,ukiyo-e,600,FP1-style,style-matching,2026,0.7,512x512,outputs/EXP-031/EXP-031__EXP-028__ukiyo-e__ck00600__FP1-style__seed2026__w0p7__512x512.png,7156a56cec8e478d5062c5717b95e7f93f2e3b63cf1bcfbf81fa473f8a9f302e,DS-0137,22,DS-0120,26,0.377917,DS-0118,False
EXP-033,EXP-028,candidate,ukiyo-e,600,FP2-shared,shared-cross-style,42,0.7,512x512,outputs/EXP-031/EXP-031__EXP-028__ukiyo-e__ck00600__FP2-shared__seed42__w0p7__512x512.png,164deed762ef1558816cf39d0639d76b37c7c4f4a709a7878b2b0359e0bdb777,DS-0137,23,DS-0115,24,0.745858,DS-0099,False
EXP-033,EXP-028,candidate,ukiyo-e,600,FP2-shared,shared-cross-style,1337,0.7,512x512,outputs/EXP-031/EXP-031__EXP-028__ukiyo-e__ck00600__FP2-shared__seed1337__w0p7__512x512.png,0ba0a423511678f9364478a795ff707bcce93245c7b367c49d0ecb5e6dde55c7,DS-0145,22,DS-0115,26,0.785156,DS-0117,False
EXP-033,EXP-028,candidate,ukiyo-e,600,FP2-shared,shared-cross-style,2026,0.7,512x512,outputs/EXP-031/EXP-031__EXP-028__ukiyo-e__ck00600__FP2-shared__seed2026__w0p7__512x512.png,671db1be2a3311e80c194b46a128c38d00f092bdbc6c19e628508a1a8ae5e472,DS-0101,18,DS-0120,25,0.513784,DS-0123,False
EXP-033,EXP-028,candidate,ukiyo-e,600,FP3-out-of-style,out-of-style,42,0.7,512x512,outputs/EXP-031/EXP-031__EXP-028__ukiyo-e__ck00600__FP3-out-of-style__seed42__w0p7__512x512.png,c8b1f96ea0fdd9648bcf30b682fa9714cec960d359f7c3581a855adbd4c98b79,DS-0122,22,DS-0048,26,0.707605,DS-0114,False
EXP-033,EXP-028,candidate,ukiyo-e,600,FP3-out-of-style,out-of-style,1337,0.7,512x512,outputs/EXP-031/EXP-031__EXP-028__ukiyo-e__ck00600__FP3-out-of-style__seed1337__w0p7__512x512.png,9585b17b3f6e7ebbf41ed4ff3a25e7400bfd25ebd9b11f8c05d5f2fb5fc6a260,DS-0100,27,DS-0079,28,0.708702,DS-0112,False
EXP-033,EXP-028,candidate,ukiyo-e,600,FP3-out-of-style,out-of-style,2026,0.7,512x512,outputs/EXP-031/EXP-031__EXP-028__ukiyo-e__ck00600__FP3-out-of-style__seed2026__w0p7__512x512.png,ffb64673ce63fa764ccb4d8e35bb06ee7493c718fd25985e9f8bd2b00b3aa4da,DS-0137,19,DS-0115,30,0.520772,DS-0123,False
EXP-033,EXP-028,candidate,ukiyo-e,600,FP4-style-free,style-free,42,0.7,512x512,outputs/EXP-031/EXP-031__EXP-028__ukiyo-e__ck00600__FP4-style-free__seed42__w0p7__512x512.png,d6dd81c33690f87400062e8e006caa0a2a562b2d061197c052b23ba2351947a2,DS-0140,19,DS-0048,25,0.228185,DS-0137,False
EXP-033,EXP-028,candidate,ukiyo-e,600,FP4-style-free,style-free,1337,0.7,512x512,outputs/EXP-031/EXP-031__EXP-028__ukiyo-e__ck00600__FP4-style-free__seed1337__w0p7__512x512.png,d8d202a83fde457ec8301a926dac01f94dcb9f837275460cbf9f220438bece6e,DS-0105,20,DS-0103,28,0.248096,DS-0123,False
EXP-033,EXP-028,candidate,ukiyo-e,600,FP4-style-free,style-free,2026,0.7,512x512,outputs/EXP-031/EXP-031__EXP-028__ukiyo-e__ck00600__FP4-style-free__seed2026__w0p7__512x512.png,4fb69ae48ed7bbf13640cbae416b3deb1932f9f318d505f2dfac4ef4f06909dc,DS-0118,20,DS-0120,23,0.25045,DS-0137,False
EXP-033,EXP-028,candidate,ukiyo-e,600,FP1-style,style-matching,42,0.7,512x1536,outputs/EXP-031/EXP-031__EXP-028__ukiyo-e__ck00600__FP1-style__seed42__w0p7__512x1536.png,6c47e204f7170136335eb298c0e5cf3041cb374fdcf086266e6ccc1ceee79e9e,DS-0126,16,DS-0115,25,0.585873,DS-0101,False
EXP-033,EXP-028,candidate,ukiyo-e,600,FP1-style,style-matching,42,1.0,512x1536,outputs/EXP-031/EXP-031__EXP-028__ukiyo-e__ck00600__FP1-style__seed42__w1__512x1536.png,39d6291fedf320d041cef858a128ade9b670381756656e8ec678af60cb103fe5,DS-0096,19,DS-0115,27,0.764536,DS-0122,False
EXP-033,EXP-028,candidate,ukiyo-e,600,FP1-style,style-matching,1337,0.7,512x1536,outputs/EXP-031/EXP-031__EXP-028__ukiyo-e__ck00600__FP1-style__seed1337__w0p7__512x1536.png,0cbd3977bf01c38cd0f548af4c7ff8a2638d476cc08771b9e815a8de962dfa0a,DS-0113,20,DS-0048,25,0.685975,DS-0143,False
EXP-033,EXP-028,candidate,ukiyo-e,600,FP1-style,style-matching,1337,1.0,512x1536,outputs/EXP-031/EXP-031__EXP-028__ukiyo-e__ck00600__FP1-style__seed1337__w1__512x1536.png,b10de7cfcc113d33505dda4536220c57139d03c21e9b548721f685ee9ae2ac1b,DS-0145,20,DS-0048,28,0.719319,DS-0096,False
EXP-033,EXP-029,candidate,retro-poster,300,FP1-style,style-matching,42,0.0,512x512,outputs/EXP-031/EXP-031__EXP-029__retro-poster__ck00300__FP1-style__seed42__w0__512x512.png,07d80ac234fcd173a2cafcaf1dded7753058fde4423fb823b5f32b7d57d9726b,DS-0073,24,DS-0120,22,0.2748,DS-0076,False
EXP-033,EXP-029,candidate,retro-poster,300,FP1-style,style-matching,42,0.4,512x512,outputs/EXP-031/EXP-031__EXP-029__retro-poster__ck00300__FP1-style__seed42__w0p4__512x512.png,52b1f99435a64cbb4eeece6b52b70929d8f2046bfead7a22902a3e9ce6189fd1,DS-0073,27,DS-0120,21,0.265262,DS-0076,False
EXP-033,EXP-029,candidate,retro-poster,300,FP1-style,style-matching,42,0.7,512x512,outputs/EXP-031/EXP-031__EXP-029__retro-poster__ck00300__FP1-style__seed42__w0p7__512x512.png,d5670bd0442be8c63957d447a9f3bbe4940f4bc271c1942a212639778202d35e,DS-0074,27,DS-0048,25,0.408604,DS-0070,False
EXP-033,EXP-029,candidate,retro-poster,300,FP1-style,style-matching,42,1.0,512x512,outputs/EXP-031/EXP-031__EXP-029__retro-poster__ck00300__FP1-style__seed42__w1__512x512.png,bc40c3959ef01f66b941fa7b99ee5662ebea5ff7f439f797e00b74a105edeaa8,DS-0071,25,DS-0077,27,0.397461,DS-0073,False
EXP-033,EXP-029,candidate,retro-poster,300,FP1-style,style-matching,1337,0.0,512x512,outputs/EXP-031/EXP-031__EXP-029__retro-poster__ck00300__FP1-style__seed1337__w0__512x512.png,312c778f45a2bd6cfc25c3e464db4cb09f4f537f57cbd17940b3e6d982282a41,DS-0087,25,DS-0048,27,0.245073,DS-0062,False
EXP-033,EXP-029,candidate,retro-poster,300,FP1-style,style-matching,1337,0.4,512x512,outputs/EXP-031/EXP-031__EXP-029__retro-poster__ck00300__FP1-style__seed1337__w0p4__512x512.png,3e4a51f96cbaf13e7e7344e08793b9a654e82ecee247b1583b1a769e96f55356,DS-0064,28,DS-0103,27,0.339819,DS-0087,False
EXP-033,EXP-029,candidate,retro-poster,300,FP1-style,style-matching,1337,0.7,512x512,outputs/EXP-031/EXP-031__EXP-029__retro-poster__ck00300__FP1-style__seed1337__w0p7__512x512.png,abcbf4b544219dc6d8f4cad48d006bcf9ab24db50af18d644bd5caf5c4d665e7,DS-0056,25,DS-0115,26,0.365313,DS-0056,False
EXP-033,EXP-029,candidate,retro-poster,300,FP1-style,style-matching,1337,1.0,512x512,outputs/EXP-031/EXP-031__EXP-029__retro-poster__ck00300__FP1-style__seed1337__w1__512x512.png,8a7ced479a96e7b7c278480e8c8fe10d8ab4a3a527fcfb65b094151f60f4ec6d,DS-0080,26,DS-0115,24,0.415639,DS-0062,False
EXP-033,EXP-029,candidate,retro-poster,300,FP2-shared,shared-cross-style,42,0.0,512x512,outputs/EXP-031/EXP-031__EXP-029__retro-poster__ck00300__FP2-shared__seed42__w0__512x512.png,f63a2216f422db2ae81b831c667e9c6f1c25967959c2cf8cd48fbc709350e83f,DS-0084,22,DS-0079,23,0.200103,DS-0073,False
EXP-033,EXP-029,candidate,retro-poster,300,FP2-shared,shared-cross-style,42,0.4,512x512,outputs/EXP-031/EXP-031__EXP-029__retro-poster__ck00300__FP2-shared__seed42__w0p4__512x512.png,d147c17c9a5e5e1d4c5fc19e95420145c57edd3f8834ffa92f106321e82a9032,DS-0065,19,DS-0048,29,0.214165,DS-0090,False
EXP-033,EXP-029,candidate,retro-poster,300,FP2-shared,shared-cross-style,42,0.7,512x512,outputs/EXP-031/EXP-031__EXP-029__retro-poster__ck00300__FP2-shared__seed42__w0p7__512x512.png,05aab7df18e3fa2826e8898ca8ce7f9f9b6aba11c27154524cf486b45e8090d1,DS-0065,26,DS-0115,26,0.386099,DS-0068,False
EXP-033,EXP-029,candidate,retro-poster,300,FP2-shared,shared-cross-style,42,1.0,512x512,outputs/EXP-031/EXP-031__EXP-029__retro-poster__ck00300__FP2-shared__seed42__w1__512x512.png,9fa0edd34b07029f61d1053e017d2bf95b945e1fefb3df84cdef08e92599b753,DS-0084,23,DS-0077,27,0.400676,DS-0068,False
EXP-033,EXP-029,candidate,retro-poster,300,FP2-shared,shared-cross-style,1337,0.0,512x512,outputs/EXP-031/EXP-031__EXP-029__retro-poster__ck00300__FP2-shared__seed1337__w0__512x512.png,d64f9f18e265a7651f3a84d0a31616a3ecd24c1256176255daf5deba2d57c727,DS-0081,23,DS-0103,24,0.306375,DS-0068,False
EXP-033,EXP-029,candidate,retro-poster,300,FP2-shared,shared-cross-style,1337,0.4,512x512,outputs/EXP-031/EXP-031__EXP-029__retro-poster__ck00300__FP2-shared__seed1337__w0p4__512x512.png,89cc94fdb37fa9137305ec5259ce052de529624cd1d343e810d6a43ad0a1ba8d,DS-0092,21,DS-0103,25,0.34763,DS-0056,False
EXP-033,EXP-029,candidate,retro-poster,300,FP2-shared,shared-cross-style,1337,0.7,512x512,outputs/EXP-031/EXP-031__EXP-029__retro-poster__ck00300__FP2-shared__seed1337__w0p7__512x512.png,5f738567668eb56e90c1cd505a3a078ef6eaec92b2aa06ad7703609779d3dbe6,DS-0066,28,DS-0115,23,0.337939,DS-0090,False
EXP-033,EXP-029,candidate,retro-poster,300,FP2-shared,shared-cross-style,1337,1.0,512x512,outputs/EXP-031/EXP-031__EXP-029__retro-poster__ck00300__FP2-shared__seed1337__w1__512x512.png,efcc487e53647ab921d473fa8c322c0c935277bbe0aa1aab7d55daa04af13a29,DS-0081,27,DS-0115,24,0.375179,DS-0072,False
EXP-033,EXP-029,candidate,retro-poster,300,FP1-style,style-matching,42,0.7,512x512,outputs/EXP-031/EXP-031__EXP-029__retro-poster__ck00300__FP1-style__seed42__w0p7__512x512.png,d5670bd0442be8c63957d447a9f3bbe4940f4bc271c1942a212639778202d35e,DS-0074,27,DS-0048,25,0.408604,DS-0070,False
EXP-033,EXP-029,candidate,retro-poster,300,FP1-style,style-matching,1337,0.7,512x512,outputs/EXP-031/EXP-031__EXP-029__retro-poster__ck00300__FP1-style__seed1337__w0p7__512x512.png,abcbf4b544219dc6d8f4cad48d006bcf9ab24db50af18d644bd5caf5c4d665e7,DS-0056,25,DS-0115,26,0.365313,DS-0056,False
EXP-033,EXP-029,candidate,retro-poster,300,FP1-style,style-matching,2026,0.7,512x512,outputs/EXP-031/EXP-031__EXP-029__retro-poster__ck00300__FP1-style__seed2026__w0p7__512x512.png,184d4942272636818feea5a6e6f643c89a4a8e8efb0fdc9caa52ad3aa8c4a9dc,DS-0086,24,DS-0120,27,0.245565,DS-0086,False
EXP-033,EXP-029,candidate,retro-poster,300,FP2-shared,shared-cross-style,42,0.7,512x512,outputs/EXP-031/EXP-031__EXP-029__retro-poster__ck00300__FP2-shared__seed42__w0p7__512x512.png,05aab7df18e3fa2826e8898ca8ce7f9f9b6aba11c27154524cf486b45e8090d1,DS-0065,26,DS-0115,26,0.386099,DS-0068,False
EXP-033,EXP-029,candidate,retro-poster,300,FP2-shared,shared-cross-style,1337,0.7,512x512,outputs/EXP-031/EXP-031__EXP-029__retro-poster__ck00300__FP2-shared__seed1337__w0p7__512x512.png,5f738567668eb56e90c1cd505a3a078ef6eaec92b2aa06ad7703609779d3dbe6,DS-0066,28,DS-0115,23,0.337939,DS-0090,False
EXP-033,EXP-029,candidate,retro-poster,300,FP2-shared,shared-cross-style,2026,0.7,512x512,outputs/EXP-031/EXP-031__EXP-029__retro-poster__ck00300__FP2-shared__seed2026__w0p7__512x512.png,3e30856ec196211155d8497d581efc0b5f9878ad0a678fbf46e2131460298efb,DS-0053,23,DS-0115,26,0.278115,DS-0068,False
EXP-033,EXP-029,candidate,retro-poster,300,FP3-out-of-style,out-of-style,42,0.7,512x512,outputs/EXP-031/EXP-031__EXP-029__retro-poster__ck00300__FP3-out-of-style__seed42__w0p7__512x512.png,8425fff4a05a27420eda0a9e10e4968f2f84aec4fbf31a2fba25c074fd4594fe,DS-0072,26,DS-0048,23,0.267833,DS-0058,False
EXP-033,EXP-029,candidate,retro-poster,300,FP3-out-of-style,out-of-style,1337,0.7,512x512,outputs/EXP-031/EXP-031__EXP-029__retro-poster__ck00300__FP3-out-of-style__seed1337__w0p7__512x512.png,01d680b33d38417a39f1ab0bc3bdde946fea116196eda8bd056dcbc7a7f7d95f,DS-0064,22,DS-0048,27,0.244206,DS-0092,False
EXP-033,EXP-029,candidate,retro-poster,300,FP3-out-of-style,out-of-style,2026,0.7,512x512,outputs/EXP-031/EXP-031__EXP-029__retro-poster__ck00300__FP3-out-of-style__seed2026__w0p7__512x512.png,5960479cc5bef6874c90d935ca20d5f3838d6146231271dd2564ec353dd83214,DS-0072,23,DS-0120,27,0.271765,DS-0080,False
EXP-033,EXP-029,candidate,retro-poster,300,FP4-style-free,style-free,42,0.7,512x512,outputs/EXP-031/EXP-031__EXP-029__retro-poster__ck00300__FP4-style-free__seed42__w0p7__512x512.png,754670ede52787210b1453d487c6df651996baa3a27ef508a8a5d5b53d0f0859,DS-0086,28,DS-0120,29,0.144706,DS-0086,False
EXP-033,EXP-029,candidate,retro-poster,300,FP4-style-free,style-free,1337,0.7,512x512,outputs/EXP-031/EXP-031__EXP-029__retro-poster__ck00300__FP4-style-free__seed1337__w0p7__512x512.png,099028d36539e5ef2f040e4a03fd5940b9c458949d68de1067d9c5a7237da1b9,DS-0087,18,DS-0103,26,0.296819,DS-0086,False
EXP-033,EXP-029,candidate,retro-poster,300,FP4-style-free,style-free,2026,0.7,512x512,outputs/EXP-031/EXP-031__EXP-029__retro-poster__ck00300__FP4-style-free__seed2026__w0p7__512x512.png,929f53633ad58d011b92430ce41e85fb8c8b39a7700d1107b700867777ee846a,DS-0086,23,DS-0120,26,0.191544,DS-0087,False
EXP-033,EXP-029,candidate,retro-poster,300,FP1-style,style-matching,42,0.7,512x1536,outputs/EXP-031/EXP-031__EXP-029__retro-poster__ck00300__FP1-style__seed42__w0p7__512x1536.png,c3a804576a759d4b5a9de4e4d28dd3218f20a99a1592eb3a21f71f088af0f6df,DS-0054,23,DS-0115,24,0.395429,DS-0080,False
EXP-033,EXP-029,candidate,retro-poster,300,FP1-style,style-matching,42,1.0,512x1536,outputs/EXP-031/EXP-031__EXP-029__retro-poster__ck00300__FP1-style__seed42__w1__512x1536.png,9a589a9f77277962e580019a975feb256dc5ec41b443f666f8eace28d971f632,DS-0065,26,DS-0115,22,0.42879,DS-0074,False
EXP-033,EXP-029,candidate,retro-poster,300,FP1-style,style-matching,1337,0.7,512x1536,outputs/EXP-031/EXP-031__EXP-029__retro-poster__ck00300__FP1-style__seed1337__w0p7__512x1536.png,f2e88ea4ca0548bc9148e1ac317a6e874b016d013fad4b5ea7683b3572d161d7,DS-0080,29,DS-0115,23,0.33133,DS-0086,False
EXP-033,EXP-029,candidate,retro-poster,300,FP1-style,style-matching,1337,1.0,512x1536,outputs/EXP-031/EXP-031__EXP-029__retro-poster__ck00300__FP1-style__seed1337__w1__512x1536.png,27c1d711c4674a4d55f55452a3d54a513aabc7d14a18efbd74a22f4cbba0b801,DS-0074,30,DS-0115,24,0.454992,DS-0087,False
EXP-033,EXP-029,candidate,retro-poster,600,FP1-style,style-matching,42,0.0,512x512,outputs/EXP-031/EXP-031__EXP-029__retro-poster__ck00600__FP1-style__seed42__w0__512x512.png,07d80ac234fcd173a2cafcaf1dded7753058fde4423fb823b5f32b7d57d9726b,DS-0073,24,DS-0120,22,0.2748,DS-0076,False
EXP-033,EXP-029,candidate,retro-poster,600,FP1-style,style-matching,42,0.4,512x512,outputs/EXP-031/EXP-031__EXP-029__retro-poster__ck00600__FP1-style__seed42__w0p4__512x512.png,e0824c9e8108e95b765e12ff277c8331e2723c538c6b73ac2a20226b9f9c26fe,DS-0058,33,DS-0115,23,0.32062,DS-0080,False
EXP-033,EXP-029,candidate,retro-poster,600,FP1-style,style-matching,42,0.7,512x512,outputs/EXP-031/EXP-031__EXP-029__retro-poster__ck00600__FP1-style__seed42__w0p7__512x512.png,73bf5710bcce9578da617acf9f4b0a89ad9064c90a1bea799eac632f7f985041,DS-0080,25,DS-0115,27,0.391973,DS-0070,False
EXP-033,EXP-029,candidate,retro-poster,600,FP1-style,style-matching,42,1.0,512x512,outputs/EXP-031/EXP-031__EXP-029__retro-poster__ck00600__FP1-style__seed42__w1__512x512.png,94958a12e8232b58e55fc107bb52bb899a4397589d0c29e587132de5390da581,DS-0064,20,DS-0079,20,0.367948,DS-0068,False
EXP-033,EXP-029,candidate,retro-poster,600,FP1-style,style-matching,1337,0.0,512x512,outputs/EXP-031/EXP-031__EXP-029__retro-poster__ck00600__FP1-style__seed1337__w0__512x512.png,312c778f45a2bd6cfc25c3e464db4cb09f4f537f57cbd17940b3e6d982282a41,DS-0087,25,DS-0048,27,0.245073,DS-0062,False
EXP-033,EXP-029,candidate,retro-poster,600,FP1-style,style-matching,1337,0.4,512x512,outputs/EXP-031/EXP-031__EXP-029__retro-poster__ck00600__FP1-style__seed1337__w0p4__512x512.png,0054886b6508d9b68da3ebbfef66d9c678661b6ed5fbe77fbad2f4d7c8e9dbe5,DS-0080,26,DS-0115,28,0.356632,DS-0087,False
EXP-033,EXP-029,candidate,retro-poster,600,FP1-style,style-matching,1337,0.7,512x512,outputs/EXP-031/EXP-031__EXP-029__retro-poster__ck00600__FP1-style__seed1337__w0p7__512x512.png,6f961e932e415d1ecddebb3facb77404510ccd588fe5ef01febdc698053883fe,DS-0061,23,DS-0115,27,0.373683,DS-0070,False
EXP-033,EXP-029,candidate,retro-poster,600,FP1-style,style-matching,1337,1.0,512x512,outputs/EXP-031/EXP-031__EXP-029__retro-poster__ck00600__FP1-style__seed1337__w1__512x512.png,327133a6ebcfa3caf4f580d9edcb4f26a645039fcbd3bad02b4c64d82caef6f3,DS-0060,13,DS-0079,26,0.403343,DS-0067,False
EXP-033,EXP-029,candidate,retro-poster,600,FP2-shared,shared-cross-style,42,0.0,512x512,outputs/EXP-031/EXP-031__EXP-029__retro-poster__ck00600__FP2-shared__seed42__w0__512x512.png,f63a2216f422db2ae81b831c667e9c6f1c25967959c2cf8cd48fbc709350e83f,DS-0084,22,DS-0079,23,0.200103,DS-0073,False
EXP-033,EXP-029,candidate,retro-poster,600,FP2-shared,shared-cross-style,42,0.4,512x512,outputs/EXP-031/EXP-031__EXP-029__retro-poster__ck00600__FP2-shared__seed42__w0p4__512x512.png,11f3a06c798b2b94fa81f6f907cd944486ff2219dd8d28286e13aac8f9007057,DS-0060,28,DS-0048,26,0.223451,DS-0080,False
EXP-033,EXP-029,candidate,retro-poster,600,FP2-shared,shared-cross-style,42,0.7,512x512,outputs/EXP-031/EXP-031__EXP-029__retro-poster__ck00600__FP2-shared__seed42__w0p7__512x512.png,1b417e715b75003ac044200c00efe1966dfa2a57099d2d37895e099887a81bd9,DS-0075,23,DS-0077,26,0.319276,DS-0067,False
EXP-033,EXP-029,candidate,retro-poster,600,FP2-shared,shared-cross-style,42,1.0,512x512,outputs/EXP-031/EXP-031__EXP-029__retro-poster__ck00600__FP2-shared__seed42__w1__512x512.png,a601d3cdfd8b7e957485e04053f4f7e3d8031f366b321acbdd2439ba84aed350,DS-0074,20,DS-0077,24,0.370131,DS-0056,False
EXP-033,EXP-029,candidate,retro-poster,600,FP2-shared,shared-cross-style,1337,0.0,512x512,outputs/EXP-031/EXP-031__EXP-029__retro-poster__ck00600__FP2-shared__seed1337__w0__512x512.png,d64f9f18e265a7651f3a84d0a31616a3ecd24c1256176255daf5deba2d57c727,DS-0081,23,DS-0103,24,0.306375,DS-0068,False
EXP-033,EXP-029,candidate,retro-poster,600,FP2-shared,shared-cross-style,1337,0.4,512x512,outputs/EXP-031/EXP-031__EXP-029__retro-poster__ck00600__FP2-shared__seed1337__w0p4__512x512.png,663c730f3f1e0e926c10b49da0011baddfc1065bc1579236eb93a714ed245cc6,DS-0080,26,DS-0120,31,0.330358,DS-0068,False
EXP-033,EXP-029,candidate,retro-poster,600,FP2-shared,shared-cross-style,1337,0.7,512x512,outputs/EXP-031/EXP-031__EXP-029__retro-poster__ck00600__FP2-shared__seed1337__w0p7__512x512.png,4c8ed0e4974fdda79e515d0ec94d866f625144d8ea668c10d726b9fa3583ac5a,DS-0073,26,DS-0077,27,0.367886,DS-0090,False
EXP-033,EXP-029,candidate,retro-poster,600,FP2-shared,shared-cross-style,1337,1.0,512x512,outputs/EXP-031/EXP-031__EXP-029__retro-poster__ck00600__FP2-shared__seed1337__w1__512x512.png,b6b4b0a80e1534e2b0e12e4659d5d2ceb824e9c80a232f4135b1fe50fd38815b,DS-0080,25,DS-0103,23,0.296344,DS-0067,False
EXP-033,EXP-029,candidate,retro-poster,600,FP1-style,style-matching,42,0.7,512x512,outputs/EXP-031/EXP-031__EXP-029__retro-poster__ck00600__FP1-style__seed42__w0p7__512x512.png,73bf5710bcce9578da617acf9f4b0a89ad9064c90a1bea799eac632f7f985041,DS-0080,25,DS-0115,27,0.391973,DS-0070,False
EXP-033,EXP-029,candidate,retro-poster,600,FP1-style,style-matching,1337,0.7,512x512,outputs/EXP-031/EXP-031__EXP-029__retro-poster__ck00600__FP1-style__seed1337__w0p7__512x512.png,6f961e932e415d1ecddebb3facb77404510ccd588fe5ef01febdc698053883fe,DS-0061,23,DS-0115,27,0.373683,DS-0070,False
EXP-033,EXP-029,candidate,retro-poster,600,FP1-style,style-matching,2026,0.7,512x512,outputs/EXP-031/EXP-031__EXP-029__retro-poster__ck00600__FP1-style__seed2026__w0p7__512x512.png,9cb0ba16659835d3f03b8706e3f0e8b22ce992d90b1401a65c8f47666194bc9e,DS-0070,25,DS-0088,26,0.401893,DS-0087,False
EXP-033,EXP-029,candidate,retro-poster,600,FP2-shared,shared-cross-style,42,0.7,512x512,outputs/EXP-031/EXP-031__EXP-029__retro-poster__ck00600__FP2-shared__seed42__w0p7__512x512.png,1b417e715b75003ac044200c00efe1966dfa2a57099d2d37895e099887a81bd9,DS-0075,23,DS-0077,26,0.319276,DS-0067,False
EXP-033,EXP-029,candidate,retro-poster,600,FP2-shared,shared-cross-style,1337,0.7,512x512,outputs/EXP-031/EXP-031__EXP-029__retro-poster__ck00600__FP2-shared__seed1337__w0p7__512x512.png,4c8ed0e4974fdda79e515d0ec94d866f625144d8ea668c10d726b9fa3583ac5a,DS-0073,26,DS-0077,27,0.367886,DS-0090,False
EXP-033,EXP-029,candidate,retro-poster,600,FP2-shared,shared-cross-style,2026,0.7,512x512,outputs/EXP-031/EXP-031__EXP-029__retro-poster__ck00600__FP2-shared__seed2026__w0p7__512x512.png,70830abb66398cfb3240c8ddd8cf81aff07df0c17f10858cff42c0ead630c63c,DS-0065,30,DS-0115,28,0.382876,DS-0090,False
EXP-033,EXP-029,candidate,retro-poster,600,FP3-out-of-style,out-of-style,42,0.7,512x512,outputs/EXP-031/EXP-031__EXP-029__retro-poster__ck00600__FP3-out-of-style__seed42__w0p7__512x512.png,a1ffba72be62c518e3e97d06ca44de4b66384ad7015072021d9fba9d831edeb9,DS-0072,28,DS-0048,27,0.320973,DS-0087,False
EXP-033,EXP-029,candidate,retro-poster,600,FP3-out-of-style,out-of-style,1337,0.7,512x512,outputs/EXP-031/EXP-031__EXP-029__retro-poster__ck00600__FP3-out-of-style__seed1337__w0p7__512x512.png,a23f4ee832bb884db2cf41793d8bf6ddb0a1c9aa62c0eb46d61b7dc825627721,DS-0060,26,DS-0048,28,0.340934,DS-0087,False
EXP-033,EXP-029,candidate,retro-poster,600,FP3-out-of-style,out-of-style,2026,0.7,512x512,outputs/EXP-031/EXP-031__EXP-029__retro-poster__ck00600__FP3-out-of-style__seed2026__w0p7__512x512.png,3c9317d9b81b779cd6136f2bda54dffe87a316a181cd88526619d6dbd8a639f7,DS-0053,28,DS-0120,26,0.351033,DS-0087,False
EXP-033,EXP-029,candidate,retro-poster,600,FP4-style-free,style-free,42,0.7,512x512,outputs/EXP-031/EXP-031__EXP-029__retro-poster__ck00600__FP4-style-free__seed42__w0p7__512x512.png,5f87be6a9704a517cec4311c6d92ac8781555790b18fdb9f46af9e69214ea369,DS-0084,24,DS-0048,26,0.21352,DS-0086,False
EXP-033,EXP-029,candidate,retro-poster,600,FP4-style-free,style-free,1337,0.7,512x512,outputs/EXP-031/EXP-031__EXP-029__retro-poster__ck00600__FP4-style-free__seed1337__w0p7__512x512.png,73f4d3b7b699937aec4835ce71cdeec53720f85e9ed84d1d46508b76ccd426fc,DS-0060,25,DS-0103,25,0.298116,DS-0086,False
EXP-033,EXP-029,candidate,retro-poster,600,FP4-style-free,style-free,2026,0.7,512x512,outputs/EXP-031/EXP-031__EXP-029__retro-poster__ck00600__FP4-style-free__seed2026__w0p7__512x512.png,40cfc29ec50ff3ba2b58483f223eaf483feb0692768d457061243ee90f4f208c,DS-0086,27,DS-0120,24,0.200911,DS-0087,False
EXP-033,EXP-029,candidate,retro-poster,600,FP1-style,style-matching,42,0.7,512x1536,outputs/EXP-031/EXP-031__EXP-029__retro-poster__ck00600__FP1-style__seed42__w0p7__512x1536.png,917be96120200943e06978bd7e1f6b7dc12f523749c40798a044a3763458f8ef,DS-0065,27,DS-0115,23,0.405718,DS-0087,False
EXP-033,EXP-029,candidate,retro-poster,600,FP1-style,style-matching,42,1.0,512x1536,outputs/EXP-031/EXP-031__EXP-029__retro-poster__ck00600__FP1-style__seed42__w1__512x1536.png,ddfded44cd61ece110645e8de4054fcd3fcd36857a34b2c7b281527ca340927d,DS-0055,22,DS-0103,28,0.420868,DS-0066,False
EXP-033,EXP-029,candidate,retro-poster,600,FP1-style,style-matching,1337,0.7,512x1536,outputs/EXP-031/EXP-031__EXP-029__retro-poster__ck00600__FP1-style__seed1337__w0p7__512x1536.png,875921e2bc818062f65f7567c72826911fe63ac19e56ca283d50f1035a1d1d34,DS-0060,20,DS-0077,28,0.303223,DS-0080,False
EXP-033,EXP-029,candidate,retro-poster,600,FP1-style,style-matching,1337,1.0,512x1536,outputs/EXP-031/EXP-031__EXP-029__retro-poster__ck00600__FP1-style__seed1337__w1__512x1536.png,7165ab6f33a829d42c78c3da529be9aa410bf0a9563b39aad2e4a7b8125e2abd,DS-0060,18,DS-0079,25,0.329405,DS-0076,False
EXP-033,EXP-030,multi,minimal-geometric,1800,FP1-style,style-matching,42,0.0,512x512,outputs/EXP-031/EXP-031__EXP-030__minimal-geometric__ck01800__FP1-style__seed42__w0__512x512.png,d3740778e9ee7a70fd2f1712f5e706185d4eb75f8a91ed944677d6f6a1889586,DS-0015,23,DS-0120,28,0.369702,DS-0006,False
EXP-033,EXP-030,multi,minimal-geometric,1800,FP1-style,style-matching,42,0.4,512x512,outputs/EXP-031/EXP-031__EXP-030__minimal-geometric__ck01800__FP1-style__seed42__w0p4__512x512.png,a99145959ca6d424bf880680312b4fc3cb7112b15de21a3a0a3d0221b0f05a96,DS-0042,21,DS-0120,29,0.471884,DS-0001,False
EXP-033,EXP-030,multi,minimal-geometric,1800,FP1-style,style-matching,42,0.7,512x512,outputs/EXP-031/EXP-031__EXP-030__minimal-geometric__ck01800__FP1-style__seed42__w0p7__512x512.png,6f6d5dea08a3ddbde9d4780c2f4094d45dbf212772f3a6ae2af93ee2ad2df39f,DS-0018,24,DS-0115,27,0.501748,DS-0050,False
EXP-033,EXP-030,multi,minimal-geometric,1800,FP1-style,style-matching,42,1.0,512x512,outputs/EXP-031/EXP-031__EXP-030__minimal-geometric__ck01800__FP1-style__seed42__w1__512x512.png,2ec6c5c2163e9b7fb70ecf4762707582140874416145b591e7b1ea81c5674fb1,DS-0033,26,DS-0115,22,0.678031,DS-0018,False
EXP-033,EXP-030,multi,minimal-geometric,1800,FP2-shared,shared-cross-style,42,1.0,512x512,outputs/EXP-031/EXP-031__EXP-030__minimal-geometric__ck01800__FP2-shared__seed42__w1__512x512.png,26a9b4ac747343265e45291c2fbd0b566d66b8e26b17967d4f1ebf99d94d94a3,DS-0033,24,DS-0048,24,0.662031,DS-0043,False
EXP-033,EXP-030,multi,minimal-geometric,1800,FP1-style,style-matching,1337,0.0,512x512,outputs/EXP-031/EXP-031__EXP-030__minimal-geometric__ck01800__FP1-style__seed1337__w0__512x512.png,13a89a3b8feb5c898486842cd9d14072f6c05caad0bc6f7643eeff62240453e7,DS-0016,23,DS-0103,29,0.422669,DS-0042,False
EXP-033,EXP-030,multi,minimal-geometric,1800,FP1-style,style-matching,1337,0.4,512x512,outputs/EXP-031/EXP-031__EXP-030__minimal-geometric__ck01800__FP1-style__seed1337__w0p4__512x512.png,cc512c8e05883a2d5edfbded3b571d2eed6e09505f6ff633a798ba1cfae44308,DS-0003,24,DS-0048,27,0.511787,DS-0052,False
EXP-033,EXP-030,multi,minimal-geometric,1800,FP1-style,style-matching,1337,0.7,512x512,outputs/EXP-031/EXP-031__EXP-030__minimal-geometric__ck01800__FP1-style__seed1337__w0p7__512x512.png,25cf5f4c01da93df850389f296bb511ec61f3df806fb68397245392fea843c8b,DS-0030,24,DS-0120,26,0.595003,DS-0013,False
EXP-033,EXP-030,multi,minimal-geometric,1800,FP1-style,style-matching,1337,1.0,512x512,outputs/EXP-031/EXP-031__EXP-030__minimal-geometric__ck01800__FP1-style__seed1337__w1__512x512.png,c38f77b5c118c592068de6926ab668f7e26d803ee7332594e85ed3ba0ddef631,DS-0003,26,DS-0115,29,0.730374,DS-0003,False
EXP-033,EXP-030,multi,minimal-geometric,1800,FP2-shared,shared-cross-style,1337,1.0,512x512,outputs/EXP-031/EXP-031__EXP-030__minimal-geometric__ck01800__FP2-shared__seed1337__w1__512x512.png,5c0572d4a220d284429dbf5285eeb74d2cfc5d34bb12a852218586566a248de0,DS-0003,27,DS-0077,26,0.716201,DS-0004,False
EXP-033,EXP-030,multi,ukiyo-e,1800,FP1-style,style-matching,42,0.0,512x512,outputs/EXP-031/EXP-031__EXP-030__ukiyo-e__ck01800__FP1-style__seed42__w0__512x512.png,a8ffcd2207064596c961fc17e3303da99eee7b190cd8ad197934528bb5fa3738,DS-0104,20,DS-0048,26,0.282508,DS-0137,False
EXP-033,EXP-030,multi,ukiyo-e,1800,FP1-style,style-matching,42,0.4,512x512,outputs/EXP-031/EXP-031__EXP-030__ukiyo-e__ck01800__FP1-style__seed42__w0p4__512x512.png,62a6991678d5f2563a34ae1730bfc2883b13f9929d6e1edd4ebac2f10f6c277d,DS-0127,19,DS-0048,28,0.689597,DS-0143,False
EXP-033,EXP-030,multi,ukiyo-e,1800,FP1-style,style-matching,42,0.7,512x512,outputs/EXP-031/EXP-031__EXP-030__ukiyo-e__ck01800__FP1-style__seed42__w0p7__512x512.png,75e34cdb5335f74066a195c0e13e15ae7facb7a325f31c3ef66d3ff98faee940,DS-0124,19,DS-0115,25,0.793899,DS-0137,False
EXP-033,EXP-030,multi,ukiyo-e,1800,FP1-style,style-matching,42,1.0,512x512,outputs/EXP-031/EXP-031__EXP-030__ukiyo-e__ck01800__FP1-style__seed42__w1__512x512.png,5f0b32cf16577d6cf35bcf963bac502cf135420120cd17131e1f0e95a6915aa4,DS-0124,21,DS-0115,25,0.832901,DS-0116,False
EXP-033,EXP-030,multi,ukiyo-e,1800,FP2-shared,shared-cross-style,42,1.0,512x512,outputs/EXP-031/EXP-031__EXP-030__ukiyo-e__ck01800__FP2-shared__seed42__w1__512x512.png,11c8bb0837fd66856ac5e8153c2e390f12b78cba848da68afab3ebd067ae481f,DS-0129,19,DS-0120,26,0.760037,DS-0109,False
EXP-033,EXP-030,multi,ukiyo-e,1800,FP1-style,style-matching,1337,0.0,512x512,outputs/EXP-031/EXP-031__EXP-030__ukiyo-e__ck01800__FP1-style__seed1337__w0__512x512.png,3e8f3b6e9eb494eae8032988a153b053883346cc103ab44c8d44d68b189f7ea3,DS-0145,20,DS-0103,22,0.548559,DS-0137,False
EXP-033,EXP-030,multi,ukiyo-e,1800,FP1-style,style-matching,1337,0.4,512x512,outputs/EXP-031/EXP-031__EXP-030__ukiyo-e__ck01800__FP1-style__seed1337__w0p4__512x512.png,1b33ba5bdae9a833602d99a12282786fa844aeab0d5b7b68dbcda9580e937d98,DS-0113,22,DS-0115,27,0.647242,DS-0119,False
EXP-033,EXP-030,multi,ukiyo-e,1800,FP1-style,style-matching,1337,0.7,512x512,outputs/EXP-031/EXP-031__EXP-030__ukiyo-e__ck01800__FP1-style__seed1337__w0p7__512x512.png,476fc32eb6459de2167c5d92091b7eaf6ed5f7118c9a3007438aaf1a0c5e4b59,DS-0105,21,DS-0115,27,0.770007,DS-0121,False
EXP-033,EXP-030,multi,ukiyo-e,1800,FP1-style,style-matching,1337,1.0,512x512,outputs/EXP-031/EXP-031__EXP-030__ukiyo-e__ck01800__FP1-style__seed1337__w1__512x512.png,0c3b0a4a05269a50479943b3492d4d9bc84337355e00b819aef305bb49b23494,DS-0113,23,DS-0115,26,0.791112,DS-0119,False
EXP-033,EXP-030,multi,ukiyo-e,1800,FP2-shared,shared-cross-style,1337,1.0,512x512,outputs/EXP-031/EXP-031__EXP-030__ukiyo-e__ck01800__FP2-shared__seed1337__w1__512x512.png,e7386734fbcd79c3656d1709c1a19cd0df3dcc970615edfa475f4937133c1e62,DS-0124,22,DS-0115,26,0.819919,DS-0117,False
EXP-033,EXP-030,multi,retro-poster,1800,FP1-style,style-matching,42,0.0,512x512,outputs/EXP-031/EXP-031__EXP-030__retro-poster__ck01800__FP1-style__seed42__w0__512x512.png,07d80ac234fcd173a2cafcaf1dded7753058fde4423fb823b5f32b7d57d9726b,DS-0073,24,DS-0120,22,0.2748,DS-0076,False
EXP-033,EXP-030,multi,retro-poster,1800,FP1-style,style-matching,42,0.4,512x512,outputs/EXP-031/EXP-031__EXP-030__retro-poster__ck01800__FP1-style__seed42__w0p4__512x512.png,06118b2a7435df3c399378d5acc71a4cc1f6fb02cee5400644a0e7054b4468c1,DS-0092,27,DS-0048,27,0.322611,DS-0087,False
EXP-033,EXP-030,multi,retro-poster,1800,FP1-style,style-matching,42,0.7,512x512,outputs/EXP-031/EXP-031__EXP-030__retro-poster__ck01800__FP1-style__seed42__w0p7__512x512.png,3ecc8ca8aed9f56eea7964473d3e648bfd383219ea3a55a4521874ce530533d3,DS-0069,32,DS-0115,25,0.368292,DS-0076,False
EXP-033,EXP-030,multi,retro-poster,1800,FP1-style,style-matching,42,1.0,512x512,outputs/EXP-031/EXP-031__EXP-030__retro-poster__ck01800__FP1-style__seed42__w1__512x512.png,d3d318e5dde54d6784767b88ce8f6aef101121a9a36650a6be822151178d1c97,DS-0075,30,DS-0115,21,0.409006,DS-0066,False
EXP-033,EXP-030,multi,retro-poster,1800,FP2-shared,shared-cross-style,42,1.0,512x512,outputs/EXP-031/EXP-031__EXP-030__retro-poster__ck01800__FP2-shared__seed42__w1__512x512.png,ef31cea1e1cd27fd505029bfd952abbdba45902dbde415272eaae32aaf6a3149,DS-0065,31,DS-0115,25,0.419683,DS-0068,False
EXP-033,EXP-030,multi,retro-poster,1800,FP1-style,style-matching,1337,0.0,512x512,outputs/EXP-031/EXP-031__EXP-030__retro-poster__ck01800__FP1-style__seed1337__w0__512x512.png,312c778f45a2bd6cfc25c3e464db4cb09f4f537f57cbd17940b3e6d982282a41,DS-0087,25,DS-0048,27,0.245073,DS-0062,False
EXP-033,EXP-030,multi,retro-poster,1800,FP1-style,style-matching,1337,0.4,512x512,outputs/EXP-031/EXP-031__EXP-030__retro-poster__ck01800__FP1-style__seed1337__w0p4__512x512.png,82c27f740957fd514227b217c1d9cd6f6cf58d73dd13e9c4009aa4a7525e2d21,DS-0060,27,DS-0103,29,0.379808,DS-0087,False
EXP-033,EXP-030,multi,retro-poster,1800,FP1-style,style-matching,1337,0.7,512x512,outputs/EXP-031/EXP-031__EXP-030__retro-poster__ck01800__FP1-style__seed1337__w0p7__512x512.png,4477feffa6791a179f19ef42e0a4e3e555ce0a649038c608b5dd105409afa11c,DS-0060,26,DS-0115,28,0.39606,DS-0085,False
EXP-033,EXP-030,multi,retro-poster,1800,FP1-style,style-matching,1337,1.0,512x512,outputs/EXP-031/EXP-031__EXP-030__retro-poster__ck01800__FP1-style__seed1337__w1__512x512.png,3a1e0a56f3d11f15450a08a3a09f70242cb0110202fd47a97d159ec1e5de788b,DS-0080,28,DS-0103,28,0.390636,DS-0068,False
EXP-033,EXP-030,multi,retro-poster,1800,FP2-shared,shared-cross-style,1337,1.0,512x512,outputs/EXP-031/EXP-031__EXP-030__retro-poster__ck01800__FP2-shared__seed1337__w1__512x512.png,9793f2dceb6ef38c068f56b88313a6b98899ea627ec7c00570368aaa841648e9,DS-0053,29,DS-0120,27,0.401101,DS-0068,False
EXP-033,BASE,base,minimal-geometric,0,FP1-style,style-matching,42,,512x512,outputs/EXP-031/EXP-031__BASE__minimal-geometric__ck00000__FP1-style__seed42__base__512x512.png,d3740778e9ee7a70fd2f1712f5e706185d4eb75f8a91ed944677d6f6a1889586,DS-0015,23,DS-0120,28,0.369702,DS-0006,False
EXP-033,BASE,base,minimal-geometric,0,FP1-style,style-matching,1337,,512x512,outputs/EXP-031/EXP-031__BASE__minimal-geometric__ck00000__FP1-style__seed1337__base__512x512.png,13a89a3b8feb5c898486842cd9d14072f6c05caad0bc6f7643eeff62240453e7,DS-0016,23,DS-0103,29,0.422669,DS-0042,False
EXP-033,BASE,base,minimal-geometric,0,FP2-shared,shared-cross-style,42,,512x512,outputs/EXP-031/EXP-031__BASE__minimal-geometric__ck00000__FP2-shared__seed42__base__512x512.png,44c9954e14382a16e654b85419d0b10bbdb6c7fe471211eefe3effab15399434,DS-0030,22,DS-0048,23,0.399003,DS-0043,False
EXP-033,BASE,base,minimal-geometric,0,FP2-shared,shared-cross-style,1337,,512x512,outputs/EXP-031/EXP-031__BASE__minimal-geometric__ck00000__FP2-shared__seed1337__base__512x512.png,89ce02962b3916e5932d00ad9b7731038dc0609404f4d60f8dc56bcb5d0e1b52,DS-0042,23,DS-0079,27,0.316459,DS-0030,False
EXP-033,BASE,base,minimal-geometric,0,FP3-out-of-style,out-of-style,42,,512x512,outputs/EXP-031/EXP-031__BASE__minimal-geometric__ck00000__FP3-out-of-style__seed42__base__512x512.png,7ba318e655656e8f95ac5df42860c03fad3ff6bb66c49c0ae2a6528833a90174,DS-0046,21,DS-0048,24,0.405903,DS-0006,False
EXP-033,BASE,base,minimal-geometric,0,FP3-out-of-style,out-of-style,1337,,512x512,outputs/EXP-031/EXP-031__BASE__minimal-geometric__ck00000__FP3-out-of-style__seed1337__base__512x512.png,7114f498568907733b0e3e67d4946018b0e95e8ab7ee913394bf0019e1d4df34,DS-0037,25,DS-0048,30,0.354771,DS-0050,False
EXP-033,BASE,base,minimal-geometric,0,FP4-style-free,style-free,42,,512x512,outputs/EXP-031/EXP-031__BASE__minimal-geometric__ck00000__FP4-style-free__seed42__base__512x512.png,55e18e900b81404edfcd0b60cb4977c1713369f5d1f88836c0d950ae469e25d6,DS-0005,18,DS-0048,28,0.21102,DS-0030,False
EXP-033,BASE,base,minimal-geometric,0,FP4-style-free,style-free,1337,,512x512,outputs/EXP-031/EXP-031__BASE__minimal-geometric__ck00000__FP4-style-free__seed1337__base__512x512.png,5ecc506d139b7f6995b44cd1c4056006cf7b692cbd7083e0a4e562c5efe45d65,DS-0042,28,DS-0079,24,0.276211,DS-0013,False
EXP-033,BASE,base,minimal-geometric,0,FP1-style,style-matching,42,,512x1536,outputs/EXP-031/EXP-031__BASE__minimal-geometric__ck00000__FP1-style__seed42__base__512x1536.png,843ee0f6f5952f5ba0adb06b5bc47484cff92e3bbeec540f2b365d08354b15f6,DS-0013,17,DS-0115,27,0.453757,DS-0042,False
EXP-033,BASE,base,minimal-geometric,0,FP1-style,style-matching,1337,,512x1536,outputs/EXP-031/EXP-031__BASE__minimal-geometric__ck00000__FP1-style__seed1337__base__512x1536.png,f7dba8d8dd1e8d62b1a8b0dcf5a645614538b0b563f47319c6cedb4314462881,DS-0002,19,DS-0048,26,0.464816,DS-0003,False
EXP-033,BASE,base,ukiyo-e,0,FP1-style,style-matching,42,,512x512,outputs/EXP-031/EXP-031__BASE__ukiyo-e__ck00000__FP1-style__seed42__base__512x512.png,a8ffcd2207064596c961fc17e3303da99eee7b190cd8ad197934528bb5fa3738,DS-0104,20,DS-0048,26,0.282508,DS-0137,False
EXP-033,BASE,base,ukiyo-e,0,FP1-style,style-matching,1337,,512x512,outputs/EXP-031/EXP-031__BASE__ukiyo-e__ck00000__FP1-style__seed1337__base__512x512.png,3e8f3b6e9eb494eae8032988a153b053883346cc103ab44c8d44d68b189f7ea3,DS-0145,20,DS-0103,22,0.548559,DS-0137,False
EXP-033,BASE,base,ukiyo-e,0,FP2-shared,shared-cross-style,42,,512x512,outputs/EXP-031/EXP-031__BASE__ukiyo-e__ck00000__FP2-shared__seed42__base__512x512.png,957eec8be70a13deb3a534f87d9df775a2680ecbc308fbfdd6dea35fbc4a64ce,DS-0137,16,DS-0120,24,0.373569,DS-0123,False
EXP-033,BASE,base,ukiyo-e,0,FP2-shared,shared-cross-style,1337,,512x512,outputs/EXP-031/EXP-031__BASE__ukiyo-e__ck00000__FP2-shared__seed1337__base__512x512.png,c2848c9389cb3fac9a7123033613830fcdd4dd76dd4405882c26044f2e10276d,DS-0105,18,DS-0115,26,0.397444,DS-0134,False
EXP-033,BASE,base,ukiyo-e,0,FP3-out-of-style,out-of-style,42,,512x512,outputs/EXP-031/EXP-031__BASE__ukiyo-e__ck00000__FP3-out-of-style__seed42__base__512x512.png,d4b726ce092efc06fadc3be00e6cf104ccfe3cd2c776c3a2f8ef96da05d68ea8,DS-0105,20,DS-0120,23,0.386821,DS-0123,False
EXP-033,BASE,base,ukiyo-e,0,FP3-out-of-style,out-of-style,1337,,512x512,outputs/EXP-031/EXP-031__BASE__ukiyo-e__ck00000__FP3-out-of-style__seed1337__base__512x512.png,ee50f0fe7439389ff3b0fe08609999c47f0c0301106fd9069b63ce4db14cc157,DS-0146,19,DS-0103,25,0.475131,DS-0098,False
EXP-033,BASE,base,ukiyo-e,0,FP4-style-free,style-free,42,,512x512,outputs/EXP-031/EXP-031__BASE__ukiyo-e__ck00000__FP4-style-free__seed42__base__512x512.png,55e18e900b81404edfcd0b60cb4977c1713369f5d1f88836c0d950ae469e25d6,DS-0112,22,DS-0048,28,0.184609,DS-0137,False
EXP-033,BASE,base,ukiyo-e,0,FP4-style-free,style-free,1337,,512x512,outputs/EXP-031/EXP-031__BASE__ukiyo-e__ck00000__FP4-style-free__seed1337__base__512x512.png,5ecc506d139b7f6995b44cd1c4056006cf7b692cbd7083e0a4e562c5efe45d65,DS-0110,26,DS-0079,24,0.202169,DS-0143,False
EXP-033,BASE,base,ukiyo-e,0,FP1-style,style-matching,42,,512x1536,outputs/EXP-031/EXP-031__BASE__ukiyo-e__ck00000__FP1-style__seed42__base__512x1536.png,498a13b77b4fcdb4c9daae64e139c1c104e1c6ac4d0e657bab2007d8a6dc8d64,DS-0137,13,DS-0115,24,0.359471,DS-0098,False
EXP-033,BASE,base,ukiyo-e,0,FP1-style,style-matching,1337,,512x1536,outputs/EXP-031/EXP-031__BASE__ukiyo-e__ck00000__FP1-style__seed1337__base__512x1536.png,302b5ac6f516b8e0bd727be8c4fa5e92e0dd7f17043148e56d52dcada7aef978,DS-0113,22,DS-0048,29,0.561202,DS-0101,False
EXP-033,BASE,base,retro-poster,0,FP1-style,style-matching,42,,512x512,outputs/EXP-031/EXP-031__BASE__retro-poster__ck00000__FP1-style__seed42__base__512x512.png,07d80ac234fcd173a2cafcaf1dded7753058fde4423fb823b5f32b7d57d9726b,DS-0073,24,DS-0120,22,0.2748,DS-0076,False
EXP-033,BASE,base,retro-poster,0,FP1-style,style-matching,1337,,512x512,outputs/EXP-031/EXP-031__BASE__retro-poster__ck00000__FP1-style__seed1337__base__512x512.png,312c778f45a2bd6cfc25c3e464db4cb09f4f537f57cbd17940b3e6d982282a41,DS-0087,25,DS-0048,27,0.245073,DS-0062,False
EXP-033,BASE,base,retro-poster,0,FP2-shared,shared-cross-style,42,,512x512,outputs/EXP-031/EXP-031__BASE__retro-poster__ck00000__FP2-shared__seed42__base__512x512.png,f63a2216f422db2ae81b831c667e9c6f1c25967959c2cf8cd48fbc709350e83f,DS-0084,22,DS-0079,23,0.200103,DS-0073,False
EXP-033,BASE,base,retro-poster,0,FP2-shared,shared-cross-style,1337,,512x512,outputs/EXP-031/EXP-031__BASE__retro-poster__ck00000__FP2-shared__seed1337__base__512x512.png,d64f9f18e265a7651f3a84d0a31616a3ecd24c1256176255daf5deba2d57c727,DS-0081,23,DS-0103,24,0.306375,DS-0068,False
EXP-033,BASE,base,retro-poster,0,FP3-out-of-style,out-of-style,42,,512x512,outputs/EXP-031/EXP-031__BASE__retro-poster__ck00000__FP3-out-of-style__seed42__base__512x512.png,040c520889c0cb4588f1c614fd4b7b12b10a44a3d4249fb4c9fc6d210a8f9d3f,DS-0072,22,DS-0079,24,0.285738,DS-0080,False
EXP-033,BASE,base,retro-poster,0,FP3-out-of-style,out-of-style,1337,,512x512,outputs/EXP-031/EXP-031__BASE__retro-poster__ck00000__FP3-out-of-style__seed1337__base__512x512.png,85e9eb11bee27edc0bb46bf5c4c8c2be1254257858c7ff405591ca89fd7adf0d,DS-0063,24,DS-0048,28,0.253486,DS-0080,False
EXP-033,BASE,base,retro-poster,0,FP4-style-free,style-free,42,,512x512,outputs/EXP-031/EXP-031__BASE__retro-poster__ck00000__FP4-style-free__seed42__base__512x512.png,55e18e900b81404edfcd0b60cb4977c1713369f5d1f88836c0d950ae469e25d6,DS-0060,28,DS-0048,28,0.140132,DS-0086,False
EXP-033,BASE,base,retro-poster,0,FP4-style-free,style-free,1337,,512x512,outputs/EXP-031/EXP-031__BASE__retro-poster__ck00000__FP4-style-free__seed1337__base__512x512.png,5ecc506d139b7f6995b44cd1c4056006cf7b692cbd7083e0a4e562c5efe45d65,DS-0087,25,DS-0079,24,0.25729,DS-0086,False
EXP-033,BASE,base,retro-poster,0,FP1-style,style-matching,42,,512x1536,outputs/EXP-031/EXP-031__BASE__retro-poster__ck00000__FP1-style__seed42__base__512x1536.png,f29b10d2250313718da4ae96811f6d8093ce1a2f0faaac911722ad2ff9e3def8,DS-0065,22,DS-0048,28,0.296534,DS-0086,False
EXP-033,BASE,base,retro-poster,0,FP1-style,style-matching,1337,,512x1536,outputs/EXP-031/EXP-031__BASE__retro-poster__ck00000__FP1-style__seed1337__base__512x1536.png,b73c9dc8ac6a73cc017aa3a03edeec6a70c39c3dce155ae7a2502e3310c936e8,DS-0060,30,DS-0048,26,0.305189,DS-0080,False
