output_sha256,exp_id,condition_id,method,influence_level,strength_value,seed,width,height,reference_id,dhash_distance_to_reference,overall_reference_similarity,similarity_to_baseline,baseline_output_sha256,copy_risk_flag,evaluation_device,evaluation_encoder_repo_id,evaluation_encoder_revision_sha,status,error_type,error_message
3d0dfa86b6bf6a038390f9fc7c2cb0ebb3e5f8a1f8183407b7d35168470796c1,EXP-008,C1,img2img,weak,0.9,42,512,512,R1,18,0.098036,0.597718,cee27050f45b5ab6bbbdad05dc9f2146b202377e64261840d553b1c61fe9c5af,False,cpu,h94/IP-Adapter,018e402774aeeddd60609b4ecdb7e298259dc729,ok,,
006743f8042c246f9742dd6548824cc335e77fe498832defd7619aec059cfb18,EXP-008,C1,img2img,weak,0.9,1337,512,512,R1,16,0.125715,0.667487,3700558a0617e3ae6235dda874ffe35bd4bcd283453906119e5b8e142a611dda,False,cpu,h94/IP-Adapter,018e402774aeeddd60609b4ecdb7e298259dc729,ok,,
6c4e365839639b9d611ee7b7b1c251b83daf6536a8164b29af6e92a451847d36,EXP-008,C1,img2img,weak,0.9,2026,512,512,R1,20,0.1185,0.654517,bdd8c131c8b17a9d414139aae0e5853a8edd372ca82b13f6a38fe699ec1bce7e,False,cpu,h94/IP-Adapter,018e402774aeeddd60609b4ecdb7e298259dc729,ok,,
e64dd8e542fb97b90c95dae1f288a3c3dccb95b612cc34950b98f3df78a40221,EXP-008,C2,img2img,weak,0.9,42,512,512,R2,34,0.383572,0.370218,f003da95ec7cb6460fa5444ad8ab78155a524cb93392ef0f3c4d5b2150a3b9cc,False,cpu,h94/IP-Adapter,018e402774aeeddd60609b4ecdb7e298259dc729,ok,,
5b2c83b76c706d4b84f21ed6995d09c315161f82ce7615c7d1c1f91faf1d5cee,EXP-008,C2,img2img,weak,0.9,1337,512,512,R2,30,0.42383,0.455599,1ff00b4e4febfc9bc48c70573a80f1ab8edf8b751960fae274be497030b38f5b,False,cpu,h94/IP-Adapter,018e402774aeeddd60609b4ecdb7e298259dc729,ok,,
a87dbbb1ffc22e552f433f6d3a71b4a64afd933d34492c9fd72f9055fc668e62,EXP-008,C2,img2img,weak,0.9,2026,512,512,R2,29,0.429647,0.483668,fe73e9ca27613198a8142cfc06ac07e5b90f77dbfeab465ca63354a9c9865d5a,False,cpu,h94/IP-Adapter,018e402774aeeddd60609b4ecdb7e298259dc729,ok,,
7ca8f37afcfabd640e51a5d172d00efe3b6389f3241a8d0353f8b245df48aa29,EXP-008,C3,img2img,weak,0.9,42,512,512,R3,32,0.335388,0.713777,7f65ab15a171c3cc8e99e8bb96de32af3420082b194727e84101616fd9e8c41c,False,cpu,h94/IP-Adapter,018e402774aeeddd60609b4ecdb7e298259dc729,ok,,
f3077385940ccc85eb36286689214555815a425370dd1db6bd4a61f9b54f9bd1,EXP-008,C3,img2img,weak,0.9,1337,512,512,R3,27,0.354366,0.614747,e3a150b2f5ad2b98c7bb27c0b5686a2bd2890b1fff8e75437324c0700b856b68,False,cpu,h94/IP-Adapter,018e402774aeeddd60609b4ecdb7e298259dc729,ok,,
8cc73bbb34c0a425a2e3a64156a76616c6cc41da20f5bd2869e0fb9de8bbfcf7,EXP-008,C3,img2img,weak,0.9,2026,512,512,R3,28,0.328047,0.713931,b9f0ce46bea516e1445c19d5c299848347e7cf3ae822299c98de56435b8eab88,False,cpu,h94/IP-Adapter,018e402774aeeddd60609b4ecdb7e298259dc729,ok,,
aa45694533ea38fbac978107af6cb2403cc5187a41d0b209212be99d1691369a,EXP-008,C4,img2img,weak,0.9,42,512,512,R4,27,0.573855,0.341938,508187805990d2bea40bf46555743729be8a5a33e2d957a89ec4fe87a72f50fd,False,cpu,h94/IP-Adapter,018e402774aeeddd60609b4ecdb7e298259dc729,ok,,
1dd3d000bb843af01cb216a73de501a62168f87fbf4450cb31c5f472818608c4,EXP-008,C4,img2img,weak,0.9,1337,512,512,R4,29,0.496594,0.303594,8c12c88af5d948a08b52795b0ba0426732e19143e0ecfaf95d08438dd3ecda81,False,cpu,h94/IP-Adapter,018e402774aeeddd60609b4ecdb7e298259dc729,ok,,
df23f18f91ea9bd3d60983d60a93e098aa467dff6c635ac63deeb969ea40cbf5,EXP-008,C4,img2img,weak,0.9,2026,512,512,R4,35,0.501765,0.492151,f9a56e953419233e13c794317f23c7b6b0eb16684d3727c3797f9e6e20b8125f,False,cpu,h94/IP-Adapter,018e402774aeeddd60609b4ecdb7e298259dc729,ok,,
6c65620634740cd115895df5bb3361ce3444a4e32d3b59a9186f2fd57922bc27,EXP-008,C1,img2img,weak,0.75,42,512,512,R1,17,0.133959,0.644442,cee27050f45b5ab6bbbdad05dc9f2146b202377e64261840d553b1c61fe9c5af,False,cpu,h94/IP-Adapter,018e402774aeeddd60609b4ecdb7e298259dc729,ok,,
6e2b52596f4270262c66a918d6e389bfc80c4335f4bd40bc91d519a814b8e728,EXP-008,C1,img2img,weak,0.75,1337,512,512,R1,16,0.195681,0.602389,3700558a0617e3ae6235dda874ffe35bd4bcd283453906119e5b8e142a611dda,False,cpu,h94/IP-Adapter,018e402774aeeddd60609b4ecdb7e298259dc729,ok,,
696658bb1641784172a4f241d2de551c1294977a03b2a8c633b913859f7684d3,EXP-008,C1,img2img,weak,0.75,2026,512,512,R1,18,0.159481,0.589632,bdd8c131c8b17a9d414139aae0e5853a8edd372ca82b13f6a38fe699ec1bce7e,False,cpu,h94/IP-Adapter,018e402774aeeddd60609b4ecdb7e298259dc729,ok,,
549befd718af9464e302b55cc108335058145da79c2d42668d3b58e59190711e,EXP-008,C2,img2img,weak,0.75,42,512,512,R2,33,0.685079,0.3955,f003da95ec7cb6460fa5444ad8ab78155a524cb93392ef0f3c4d5b2150a3b9cc,False,cpu,h94/IP-Adapter,018e402774aeeddd60609b4ecdb7e298259dc729,ok,,
60ad9bb33b595d70ff3b92460da121a7df23177ef1491e89ea3448b12ff46224,EXP-008,C2,img2img,weak,0.75,1337,512,512,R2,29,0.67664,0.490371,1ff00b4e4febfc9bc48c70573a80f1ab8edf8b751960fae274be497030b38f5b,False,cpu,h94/IP-Adapter,018e402774aeeddd60609b4ecdb7e298259dc729,ok,,
29135e93b3930b8a150a2436c1dae3c403678eecd3f1d3ecf6a3ede243a01400,EXP-008,C2,img2img,weak,0.75,2026,512,512,R2,32,0.661108,0.456721,fe73e9ca27613198a8142cfc06ac07e5b90f77dbfeab465ca63354a9c9865d5a,False,cpu,h94/IP-Adapter,018e402774aeeddd60609b4ecdb7e298259dc729,ok,,
e31520f3bb65f251c11760311acef9f028474bd0ea2b5366f96dadc1faed0a26,EXP-008,C3,img2img,weak,0.75,42,512,512,R3,33,0.498245,0.502636,7f65ab15a171c3cc8e99e8bb96de32af3420082b194727e84101616fd9e8c41c,False,cpu,h94/IP-Adapter,018e402774aeeddd60609b4ecdb7e298259dc729,ok,,
975338ca5b48f3bafc2f20dfab0f3c15faba6c8e573e6061ddd55966f3545a3a,EXP-008,C3,img2img,weak,0.75,1337,512,512,R3,28,0.53456,0.558267,e3a150b2f5ad2b98c7bb27c0b5686a2bd2890b1fff8e75437324c0700b856b68,False,cpu,h94/IP-Adapter,018e402774aeeddd60609b4ecdb7e298259dc729,ok,,
79a2627dcc22f3c7502e8032719dfa2cabac23ebfa76aa21a383413fb2c66bf0,EXP-008,C3,img2img,weak,0.75,2026,512,512,R3,30,0.378679,0.745467,b9f0ce46bea516e1445c19d5c299848347e7cf3ae822299c98de56435b8eab88,False,cpu,h94/IP-Adapter,018e402774aeeddd60609b4ecdb7e298259dc729,ok,,
bd9e184f85d231dd2bdbf0065178b0d9bc04531ebde5c70ed176cc5af8ba352f,EXP-008,C4,img2img,weak,0.75,42,512,512,R4,26,0.883973,0.29782,508187805990d2bea40bf46555743729be8a5a33e2d957a89ec4fe87a72f50fd,False,cpu,h94/IP-Adapter,018e402774aeeddd60609b4ecdb7e298259dc729,ok,,
dcfa7e810d587c22e4a59c327e413b718cb8b0410c55893be594b69fcc1b2993,EXP-008,C4,img2img,weak,0.75,1337,512,512,R4,31,0.719169,0.328402,8c12c88af5d948a08b52795b0ba0426732e19143e0ecfaf95d08438dd3ecda81,False,cpu,h94/IP-Adapter,018e402774aeeddd60609b4ecdb7e298259dc729,ok,,
2cbeeab9ba77ecc17a0482d234cee718b8ee935e7bb89629aade303b7fb9c3b6,EXP-008,C4,img2img,weak,0.75,2026,512,512,R4,27,0.806118,0.337697,f9a56e953419233e13c794317f23c7b6b0eb16684d3727c3797f9e6e20b8125f,False,cpu,h94/IP-Adapter,018e402774aeeddd60609b4ecdb7e298259dc729,ok,,
8200e640eec415d2866cb5f3e8afb0a2373261920d332e77ce05043130b3e782,EXP-008,C1,img2img,medium,0.6,42,512,512,R1,12,0.264696,0.454114,cee27050f45b5ab6bbbdad05dc9f2146b202377e64261840d553b1c61fe9c5af,False,cpu,h94/IP-Adapter,018e402774aeeddd60609b4ecdb7e298259dc729,ok,,
3e6a3d9fd9dc105872d715bb1f7b3ab5ad8e7335d1f85d53f0ce95c38c2adff3,EXP-008,C1,img2img,medium,0.6,1337,512,512,R1,16,0.22063,0.323768,3700558a0617e3ae6235dda874ffe35bd4bcd283453906119e5b8e142a611dda,False,cpu,h94/IP-Adapter,018e402774aeeddd60609b4ecdb7e298259dc729,ok,,
092525c9151d7ff67df4745cf4e7ef25c9c602ff91d6019e1098067df3627bf6,EXP-008,C1,img2img,medium,0.6,2026,512,512,R1,17,0.275538,0.269482,bdd8c131c8b17a9d414139aae0e5853a8edd372ca82b13f6a38fe699ec1bce7e,False,cpu,h94/IP-Adapter,018e402774aeeddd60609b4ecdb7e298259dc729,ok,,
fb2e807568b63cd0b52d5fbd5fe4146af0a5cb8adeedaa45f7ba94c22231aa22,EXP-008,C2,img2img,medium,0.6,42,512,512,R2,33,0.697369,0.375862,f003da95ec7cb6460fa5444ad8ab78155a524cb93392ef0f3c4d5b2150a3b9cc,False,cpu,h94/IP-Adapter,018e402774aeeddd60609b4ecdb7e298259dc729,ok,,
e464a7a8c5a00c9032741062e7c9a25887d6223070156ebc4561665ce52fd0b0,EXP-008,C2,img2img,medium,0.6,1337,512,512,R2,32,0.701269,0.502117,1ff00b4e4febfc9bc48c70573a80f1ab8edf8b751960fae274be497030b38f5b,False,cpu,h94/IP-Adapter,018e402774aeeddd60609b4ecdb7e298259dc729,ok,,
5cf2102a8dfa12c3a4478cbfd52db19340c9ffef971b29ea19ab8160395b3698,EXP-008,C2,img2img,medium,0.6,2026,512,512,R2,32,0.69441,0.454901,fe73e9ca27613198a8142cfc06ac07e5b90f77dbfeab465ca63354a9c9865d5a,False,cpu,h94/IP-Adapter,018e402774aeeddd60609b4ecdb7e298259dc729,ok,,
6db797270525a2fd136238e78760501870c5cf03f34e69c6e009d28558857ce5,EXP-008,C3,img2img,medium,0.6,42,512,512,R3,28,0.659413,0.473424,7f65ab15a171c3cc8e99e8bb96de32af3420082b194727e84101616fd9e8c41c,False,cpu,h94/IP-Adapter,018e402774aeeddd60609b4ecdb7e298259dc729,ok,,
b7ff728445fe70fc31005b4d894168aadd4710f01bdbb64b43f4817a97ff9ef6,EXP-008,C3,img2img,medium,0.6,1337,512,512,R3,23,0.567757,0.570581,e3a150b2f5ad2b98c7bb27c0b5686a2bd2890b1fff8e75437324c0700b856b68,False,cpu,h94/IP-Adapter,018e402774aeeddd60609b4ecdb7e298259dc729,ok,,
9a94eb37df1dfdc4bde7ae3d6a12250dd81f94a9c188ce9fff3f54047004bdf6,EXP-008,C3,img2img,medium,0.6,2026,512,512,R3,22,0.587509,0.612042,b9f0ce46bea516e1445c19d5c299848347e7cf3ae822299c98de56435b8eab88,False,cpu,h94/IP-Adapter,018e402774aeeddd60609b4ecdb7e298259dc729,ok,,
97d3a9f390cd9801d9dd3bf01aa5d96c3264d8bce1ff258505d5370a0f703a5d,EXP-008,C4,img2img,medium,0.6,42,512,512,R4,28,0.902784,0.310585,508187805990d2bea40bf46555743729be8a5a33e2d957a89ec4fe87a72f50fd,False,cpu,h94/IP-Adapter,018e402774aeeddd60609b4ecdb7e298259dc729,ok,,
5329d04a7f2d394db3f6887e5d24a6ea24e275562570238cf07da12e21a29750,EXP-008,C4,img2img,medium,0.6,1337,512,512,R4,28,0.869521,0.306921,8c12c88af5d948a08b52795b0ba0426732e19143e0ecfaf95d08438dd3ecda81,False,cpu,h94/IP-Adapter,018e402774aeeddd60609b4ecdb7e298259dc729,ok,,
a59df95aed5a138647c089c62502270f267a4c57abd4b32f9d93f96d8df3e483,EXP-008,C4,img2img,medium,0.6,2026,512,512,R4,27,0.81545,0.280154,f9a56e953419233e13c794317f23c7b6b0eb16684d3727c3797f9e6e20b8125f,False,cpu,h94/IP-Adapter,018e402774aeeddd60609b4ecdb7e298259dc729,ok,,
c7eaa615722fe6c251b70e392f0367cc17faf0bf0c362c46e1cd81aa8273d52e,EXP-008,C1,img2img,strong,0.45,42,512,512,R1,11,0.356566,0.268244,cee27050f45b5ab6bbbdad05dc9f2146b202377e64261840d553b1c61fe9c5af,False,cpu,h94/IP-Adapter,018e402774aeeddd60609b4ecdb7e298259dc729,ok,,
292540d4f03a34ab7769daded5d6ff61b8b2a9b303fd016470d9ff778d9888ad,EXP-008,C1,img2img,strong,0.45,1337,512,512,R1,12,0.373331,0.285607,3700558a0617e3ae6235dda874ffe35bd4bcd283453906119e5b8e142a611dda,False,cpu,h94/IP-Adapter,018e402774aeeddd60609b4ecdb7e298259dc729,ok,,
171b2999d1b447ac131727ed3c3b1133f0800ff3546a4f4af4ff018661acd4cd,EXP-008,C1,img2img,strong,0.45,2026,512,512,R1,15,0.319325,0.285132,bdd8c131c8b17a9d414139aae0e5853a8edd372ca82b13f6a38fe699ec1bce7e,False,cpu,h94/IP-Adapter,018e402774aeeddd60609b4ecdb7e298259dc729,ok,,
70293434e4334087695734c1952e818913f43d49189db12d56eaca6625cd89ee,EXP-008,C2,img2img,strong,0.45,42,512,512,R2,32,0.732321,0.375063,f003da95ec7cb6460fa5444ad8ab78155a524cb93392ef0f3c4d5b2150a3b9cc,False,cpu,h94/IP-Adapter,018e402774aeeddd60609b4ecdb7e298259dc729,ok,,
feea0ff229f950625be4eaa257664d423a376808ca9a72f4bfbd9bfff3d577a3,EXP-008,C2,img2img,strong,0.45,1337,512,512,R2,32,0.769668,0.468271,1ff00b4e4febfc9bc48c70573a80f1ab8edf8b751960fae274be497030b38f5b,False,cpu,h94/IP-Adapter,018e402774aeeddd60609b4ecdb7e298259dc729,ok,,
382b22a586c76028d5b5e8367b7fc144676cfdabdf8a8ba4107bbd2900554426,EXP-008,C2,img2img,strong,0.45,2026,512,512,R2,33,0.704296,0.434958,fe73e9ca27613198a8142cfc06ac07e5b90f77dbfeab465ca63354a9c9865d5a,False,cpu,h94/IP-Adapter,018e402774aeeddd60609b4ecdb7e298259dc729,ok,,
989b628950b6e0276de85a1232e7618f334077516eb0f12eee465de1f6a207f5,EXP-008,C3,img2img,strong,0.45,42,512,512,R3,24,0.774576,0.439174,7f65ab15a171c3cc8e99e8bb96de32af3420082b194727e84101616fd9e8c41c,False,cpu,h94/IP-Adapter,018e402774aeeddd60609b4ecdb7e298259dc729,ok,,
61cccd833bb04ce3b8f9393ffa18c97fffb0b5ef406d4bab7050bdb559f5ecc6,EXP-008,C3,img2img,strong,0.45,1337,512,512,R3,22,0.722842,0.370906,e3a150b2f5ad2b98c7bb27c0b5686a2bd2890b1fff8e75437324c0700b856b68,False,cpu,h94/IP-Adapter,018e402774aeeddd60609b4ecdb7e298259dc729,ok,,
1e892a6ff2820d31cf33b6bd428eb1d64f03a79c9dbec8cf4e274bb1b628b987,EXP-008,C3,img2img,strong,0.45,2026,512,512,R3,20,0.730047,0.390196,b9f0ce46bea516e1445c19d5c299848347e7cf3ae822299c98de56435b8eab88,False,cpu,h94/IP-Adapter,018e402774aeeddd60609b4ecdb7e298259dc729,ok,,
b7bcadfe31f1fb53955ceae02f2b71649a4c1d3e213c1cec3fa83203834b1c5f,EXP-008,C4,img2img,strong,0.45,42,512,512,R4,29,0.915853,0.307232,508187805990d2bea40bf46555743729be8a5a33e2d957a89ec4fe87a72f50fd,False,cpu,h94/IP-Adapter,018e402774aeeddd60609b4ecdb7e298259dc729,ok,,
569c333ad13dd23930f62bbca4794f583d6935d532c597334c31ab3f7db7f23b,EXP-008,C4,img2img,strong,0.45,1337,512,512,R4,28,0.885269,0.300222,8c12c88af5d948a08b52795b0ba0426732e19143e0ecfaf95d08438dd3ecda81,False,cpu,h94/IP-Adapter,018e402774aeeddd60609b4ecdb7e298259dc729,ok,,
88d68e88249cbf5a23f70abfea5dcf5820d545f03bef840dee48545a8e2c4bba,EXP-008,C4,img2img,strong,0.45,2026,512,512,R4,28,0.895194,0.302033,f9a56e953419233e13c794317f23c7b6b0eb16684d3727c3797f9e6e20b8125f,False,cpu,h94/IP-Adapter,018e402774aeeddd60609b4ecdb7e298259dc729,ok,,
8b358ac11ab65986e1860e14cc779da27c6937c6b536d702dd3d7a348a5f2d26,EXP-008,C1,img2img,strong,0.3,42,512,512,R1,12,0.553252,0.207639,cee27050f45b5ab6bbbdad05dc9f2146b202377e64261840d553b1c61fe9c5af,False,cpu,h94/IP-Adapter,018e402774aeeddd60609b4ecdb7e298259dc729,ok,,
e80054b3bd7f2375110d0ef3b1747f5a8ca830294ec1a7c14fd28a36f9c23ed6,EXP-008,C1,img2img,strong,0.3,1337,512,512,R1,13,0.630924,0.236633,3700558a0617e3ae6235dda874ffe35bd4bcd283453906119e5b8e142a611dda,False,cpu,h94/IP-Adapter,018e402774aeeddd60609b4ecdb7e298259dc729,ok,,
5370a59f035de2eb5d4aabb76460f5105aff3ef4354813c10fab4ff585760c0d,EXP-008,C1,img2img,strong,0.3,2026,512,512,R1,12,0.64523,0.110511,bdd8c131c8b17a9d414139aae0e5853a8edd372ca82b13f6a38fe699ec1bce7e,False,cpu,h94/IP-Adapter,018e402774aeeddd60609b4ecdb7e298259dc729,ok,,
e22cb195d82a25a5859cb6058f04272e26fe23d1b9bd2d0da41595f498ff8c78,EXP-008,C2,img2img,strong,0.3,42,512,512,R2,31,0.747197,0.394795,f003da95ec7cb6460fa5444ad8ab78155a524cb93392ef0f3c4d5b2150a3b9cc,False,cpu,h94/IP-Adapter,018e402774aeeddd60609b4ecdb7e298259dc729,ok,,
54090ec798f9f0f326a2678d4b691cb311dff80dca0fe4f8645fa85dbb44a5cb,EXP-008,C2,img2img,strong,0.3,1337,512,512,R2,33,0.792051,0.483596,1ff00b4e4febfc9bc48c70573a80f1ab8edf8b751960fae274be497030b38f5b,False,cpu,h94/IP-Adapter,018e402774aeeddd60609b4ecdb7e298259dc729,ok,,
95b1c3903a6dba1c54b3006c55eca9e34d2fba5e47922cbe484984906715d26b,EXP-008,C2,img2img,strong,0.3,2026,512,512,R2,31,0.74661,0.415494,fe73e9ca27613198a8142cfc06ac07e5b90f77dbfeab465ca63354a9c9865d5a,False,cpu,h94/IP-Adapter,018e402774aeeddd60609b4ecdb7e298259dc729,ok,,
4388d5967fc0aa115facfbfa2486f2dbab7683b0536cd383db50ed506d7b6e0b,EXP-008,C3,img2img,strong,0.3,42,512,512,R3,21,0.828571,0.423411,7f65ab15a171c3cc8e99e8bb96de32af3420082b194727e84101616fd9e8c41c,False,cpu,h94/IP-Adapter,018e402774aeeddd60609b4ecdb7e298259dc729,ok,,
4fbf927afbb6886cd97f2dc3070c798bb4826bea17a41e0fd645384a8d47c8ec,EXP-008,C3,img2img,strong,0.3,1337,512,512,R3,20,0.791751,0.365427,e3a150b2f5ad2b98c7bb27c0b5686a2bd2890b1fff8e75437324c0700b856b68,False,cpu,h94/IP-Adapter,018e402774aeeddd60609b4ecdb7e298259dc729,ok,,
ce68cf4151acb556406a134aa744424bd6974dc3c4e28ed2e21b2f197979c4fe,EXP-008,C3,img2img,strong,0.3,2026,512,512,R3,21,0.787599,0.405797,b9f0ce46bea516e1445c19d5c299848347e7cf3ae822299c98de56435b8eab88,False,cpu,h94/IP-Adapter,018e402774aeeddd60609b4ecdb7e298259dc729,ok,,
3b86ca96035cf6b2ed1075eb5db2f10f8cd7bac97dbcc971a1d0ff2cff67226f,EXP-008,C4,img2img,strong,0.3,42,512,512,R4,29,0.914921,0.306339,508187805990d2bea40bf46555743729be8a5a33e2d957a89ec4fe87a72f50fd,False,cpu,h94/IP-Adapter,018e402774aeeddd60609b4ecdb7e298259dc729,ok,,
1702452ad26f152c9eaf87c3781f20abe7b700cca94369f236d9f26cf55f50ea,EXP-008,C4,img2img,strong,0.3,1337,512,512,R4,28,0.904857,0.298489,8c12c88af5d948a08b52795b0ba0426732e19143e0ecfaf95d08438dd3ecda81,False,cpu,h94/IP-Adapter,018e402774aeeddd60609b4ecdb7e298259dc729,ok,,
0a8144ea985d7ce71aa2f15a769314c854c30ebb97f1d30146cf1ebd2a1d8ffb,EXP-008,C4,img2img,strong,0.3,2026,512,512,R4,27,0.909557,0.300187,f9a56e953419233e13c794317f23c7b6b0eb16684d3727c3797f9e6e20b8125f,False,cpu,h94/IP-Adapter,018e402774aeeddd60609b4ecdb7e298259dc729,ok,,
5a4ba2d1dbf8efd6f663db41b09d3031912b6a55d24f8e3ab1037932085b3cfc,EXP-008,C1,img2img,weak,0.85,42,512,512,R1,17,0.100765,0.59773,cee27050f45b5ab6bbbdad05dc9f2146b202377e64261840d553b1c61fe9c5af,False,cpu,h94/IP-Adapter,018e402774aeeddd60609b4ecdb7e298259dc729,ok,,
0812fd959e95386497c4998afa38b610fed491991812c9b7dd8ec33649b8d1d1,EXP-008,C1,img2img,weak,0.85,1337,512,512,R1,13,0.124627,0.524558,3700558a0617e3ae6235dda874ffe35bd4bcd283453906119e5b8e142a611dda,False,cpu,h94/IP-Adapter,018e402774aeeddd60609b4ecdb7e298259dc729,ok,,
881b4c67f16574941ff26ac479e9ba640baa7df7861c2b1f2ea69ef35f027540,EXP-008,C1,img2img,weak,0.85,2026,512,512,R1,18,0.128659,0.680264,bdd8c131c8b17a9d414139aae0e5853a8edd372ca82b13f6a38fe699ec1bce7e,False,cpu,h94/IP-Adapter,018e402774aeeddd60609b4ecdb7e298259dc729,ok,,
1de644927d760e6756b4c795301fe37c92c7e92f6fd7d6c568b1ff79c7856bde,EXP-008,C2,img2img,weak,0.85,42,512,512,R2,35,0.564291,0.295936,f003da95ec7cb6460fa5444ad8ab78155a524cb93392ef0f3c4d5b2150a3b9cc,False,cpu,h94/IP-Adapter,018e402774aeeddd60609b4ecdb7e298259dc729,ok,,
028a21c8927ed332206c1408abec5e5f2d6a99828268cb2b6f18641a536fcbbf,EXP-008,C2,img2img,weak,0.85,1337,512,512,R2,28,0.53349,0.412132,1ff00b4e4febfc9bc48c70573a80f1ab8edf8b751960fae274be497030b38f5b,False,cpu,h94/IP-Adapter,018e402774aeeddd60609b4ecdb7e298259dc729,ok,,
3155770ef7fd22e8e24f9102745bcad51b84e7f2d664fbc56a233b03f3aa1a4b,EXP-008,C2,img2img,weak,0.85,2026,512,512,R2,32,0.475969,0.545202,fe73e9ca27613198a8142cfc06ac07e5b90f77dbfeab465ca63354a9c9865d5a,False,cpu,h94/IP-Adapter,018e402774aeeddd60609b4ecdb7e298259dc729,ok,,
8a7a8ebf14e60d59b55122e23e9232d2a75d86313db278601ca05fb3ee598ac6,EXP-008,C3,img2img,weak,0.85,42,512,512,R3,32,0.461042,0.521759,7f65ab15a171c3cc8e99e8bb96de32af3420082b194727e84101616fd9e8c41c,False,cpu,h94/IP-Adapter,018e402774aeeddd60609b4ecdb7e298259dc729,ok,,
b92c5738899e79df16e66754bd4d67e7ab063078531ba83967c9aa820b9e1eae,EXP-008,C3,img2img,weak,0.85,1337,512,512,R3,21,0.251706,0.661024,e3a150b2f5ad2b98c7bb27c0b5686a2bd2890b1fff8e75437324c0700b856b68,False,cpu,h94/IP-Adapter,018e402774aeeddd60609b4ecdb7e298259dc729,ok,,
c6546e69dee472abeb33836ee78073e3c1e5fcddd3b1586ff170623e5384d6d9,EXP-008,C3,img2img,weak,0.85,2026,512,512,R3,31,0.356979,0.73624,b9f0ce46bea516e1445c19d5c299848347e7cf3ae822299c98de56435b8eab88,False,cpu,h94/IP-Adapter,018e402774aeeddd60609b4ecdb7e298259dc729,ok,,
0881e36dbdb25e450bdcbd6221d36b0c484ac97ba1c978759c33a81023e259b4,EXP-008,C4,img2img,weak,0.85,42,512,512,R4,25,0.624584,0.326443,508187805990d2bea40bf46555743729be8a5a33e2d957a89ec4fe87a72f50fd,False,cpu,h94/IP-Adapter,018e402774aeeddd60609b4ecdb7e298259dc729,ok,,
cc6bd08194de9018d332a47b0dabdf1bf9d3b925cb50085465dab3b9f74ea329,EXP-008,C4,img2img,weak,0.85,1337,512,512,R4,26,0.637671,0.332537,8c12c88af5d948a08b52795b0ba0426732e19143e0ecfaf95d08438dd3ecda81,False,cpu,h94/IP-Adapter,018e402774aeeddd60609b4ecdb7e298259dc729,ok,,
438ef20c350b7b88235a7cf71805d402d910d4a06aedb27853ca36b45f83c38d,EXP-008,C4,img2img,weak,0.85,2026,512,512,R4,31,0.491537,0.500449,f9a56e953419233e13c794317f23c7b6b0eb16684d3727c3797f9e6e20b8125f,False,cpu,h94/IP-Adapter,018e402774aeeddd60609b4ecdb7e298259dc729,ok,,
3d78ff942da4202aa8a27a00e2e53b34dabdd7a444eba1f63fc1e52b280c137b,EXP-008,C1,img2img,medium,0.65,42,512,512,R1,13,0.194822,0.438199,cee27050f45b5ab6bbbdad05dc9f2146b202377e64261840d553b1c61fe9c5af,False,cpu,h94/IP-Adapter,018e402774aeeddd60609b4ecdb7e298259dc729,ok,,
12ad8f0edc5401e04bfbac61695679ac66d1c4e8865bec89731666071947e603,EXP-008,C1,img2img,medium,0.65,1337,512,512,R1,16,0.218393,0.611928,3700558a0617e3ae6235dda874ffe35bd4bcd283453906119e5b8e142a611dda,False,cpu,h94/IP-Adapter,018e402774aeeddd60609b4ecdb7e298259dc729,ok,,
dc54f72d0d12a6deb62bf39f52e76c3781fa5c4a03a3b2a20386073c190d352b,EXP-008,C1,img2img,medium,0.65,2026,512,512,R1,16,0.24389,0.356066,bdd8c131c8b17a9d414139aae0e5853a8edd372ca82b13f6a38fe699ec1bce7e,False,cpu,h94/IP-Adapter,018e402774aeeddd60609b4ecdb7e298259dc729,ok,,
ab566a954193ecb62ad21bde5acfa29db9c8ebb022182681c31a90a60bf2ecc8,EXP-008,C2,img2img,medium,0.65,42,512,512,R2,28,0.673032,0.412174,f003da95ec7cb6460fa5444ad8ab78155a524cb93392ef0f3c4d5b2150a3b9cc,False,cpu,h94/IP-Adapter,018e402774aeeddd60609b4ecdb7e298259dc729,ok,,
fcfa3183739dfb6d423853ea35ab0fe807d62d9798040373545eccafd88cb038,EXP-008,C2,img2img,medium,0.65,1337,512,512,R2,31,0.699071,0.484351,1ff00b4e4febfc9bc48c70573a80f1ab8edf8b751960fae274be497030b38f5b,False,cpu,h94/IP-Adapter,018e402774aeeddd60609b4ecdb7e298259dc729,ok,,
1574f8894e0040f29ea288d9f35b29b2d9af5425d786b3f18ca32a2197c0c87d,EXP-008,C2,img2img,medium,0.65,2026,512,512,R2,31,0.72003,0.455365,fe73e9ca27613198a8142cfc06ac07e5b90f77dbfeab465ca63354a9c9865d5a,False,cpu,h94/IP-Adapter,018e402774aeeddd60609b4ecdb7e298259dc729,ok,,
ee5ec0ad37e6b51ef59cd4a00641afe4c0d8f2dca3d642263f0b6a5d6d530b7d,EXP-008,C3,img2img,medium,0.65,42,512,512,R3,32,0.622242,0.47623,7f65ab15a171c3cc8e99e8bb96de32af3420082b194727e84101616fd9e8c41c,False,cpu,h94/IP-Adapter,018e402774aeeddd60609b4ecdb7e298259dc729,ok,,
bf1050567da45e6db51a64595aaae8988699f0899019d7cc945d7852cae72039,EXP-008,C3,img2img,medium,0.65,1337,512,512,R3,24,0.520753,0.547758,e3a150b2f5ad2b98c7bb27c0b5686a2bd2890b1fff8e75437324c0700b856b68,False,cpu,h94/IP-Adapter,018e402774aeeddd60609b4ecdb7e298259dc729,ok,,
bb9b5d41aeb79a2e20ab509a368e66961f3796e31a03adfb713bbe3a0cdbd691,EXP-008,C3,img2img,medium,0.65,2026,512,512,R3,29,0.461919,0.653723,b9f0ce46bea516e1445c19d5c299848347e7cf3ae822299c98de56435b8eab88,False,cpu,h94/IP-Adapter,018e402774aeeddd60609b4ecdb7e298259dc729,ok,,
d87366593fc111708a56da90c7d84547221e9844eb110390cb95e03396512df9,EXP-008,C4,img2img,medium,0.65,42,512,512,R4,28,0.908235,0.297305,508187805990d2bea40bf46555743729be8a5a33e2d957a89ec4fe87a72f50fd,False,cpu,h94/IP-Adapter,018e402774aeeddd60609b4ecdb7e298259dc729,ok,,
653929e0e5d99d56b1d272ec691c59e20de77429ac3f4f38471ad87d5e6acaae,EXP-008,C4,img2img,medium,0.65,1337,512,512,R4,28,0.888533,0.305941,8c12c88af5d948a08b52795b0ba0426732e19143e0ecfaf95d08438dd3ecda81,False,cpu,h94/IP-Adapter,018e402774aeeddd60609b4ecdb7e298259dc729,ok,,
c1b56130bae2dc7060f021a376364392ed96c7da4a1732170842642aaf06187e,EXP-008,C4,img2img,medium,0.65,2026,512,512,R4,27,0.774297,0.323771,f9a56e953419233e13c794317f23c7b6b0eb16684d3727c3797f9e6e20b8125f,False,cpu,h94/IP-Adapter,018e402774aeeddd60609b4ecdb7e298259dc729,ok,,
a6bcfa78e0a157193c1c1a065484c763790236257c77637c40b07e7615747df1,EXP-008,C1,img2img,strong,0.4,42,512,512,R1,10,0.405241,0.271186,cee27050f45b5ab6bbbdad05dc9f2146b202377e64261840d553b1c61fe9c5af,False,cpu,h94/IP-Adapter,018e402774aeeddd60609b4ecdb7e298259dc729,ok,,
5a15717b3562e39f43c3c2b7e1f7912d308e3f987c76c8b582b36651970548a9,EXP-008,C1,img2img,strong,0.4,1337,512,512,R1,10,0.4081,0.274031,3700558a0617e3ae6235dda874ffe35bd4bcd283453906119e5b8e142a611dda,False,cpu,h94/IP-Adapter,018e402774aeeddd60609b4ecdb7e298259dc729,ok,,
5f026b6e0fd297ffa1caa96e80642a5bd9f0a228b3520194cba1078ef01ffdc6,EXP-008,C1,img2img,strong,0.4,2026,512,512,R1,15,0.394953,0.156964,bdd8c131c8b17a9d414139aae0e5853a8edd372ca82b13f6a38fe699ec1bce7e,False,cpu,h94/IP-Adapter,018e402774aeeddd60609b4ecdb7e298259dc729,ok,,
1da3b80cb26b3cabce8e6083625be6b69ef942d0537f2cf808f820817c16ec35,EXP-008,C2,img2img,strong,0.4,42,512,512,R2,32,0.715271,0.355846,f003da95ec7cb6460fa5444ad8ab78155a524cb93392ef0f3c4d5b2150a3b9cc,False,cpu,h94/IP-Adapter,018e402774aeeddd60609b4ecdb7e298259dc729,ok,,
7ee47ab0c430edb9fd592df45a0d1afcdb7191c3db9f93e3ec71d0846fbd62c5,EXP-008,C2,img2img,strong,0.4,1337,512,512,R2,33,0.790763,0.477525,1ff00b4e4febfc9bc48c70573a80f1ab8edf8b751960fae274be497030b38f5b,False,cpu,h94/IP-Adapter,018e402774aeeddd60609b4ecdb7e298259dc729,ok,,
8b0addc944ff613951f453f009e40f3bca5cbaa1f25f1cb0423ac5f80f1097c6,EXP-008,C2,img2img,strong,0.4,2026,512,512,R2,36,0.75252,0.471311,fe73e9ca27613198a8142cfc06ac07e5b90f77dbfeab465ca63354a9c9865d5a,False,cpu,h94/IP-Adapter,018e402774aeeddd60609b4ecdb7e298259dc729,ok,,
e46818222a7a5d39c6e446ba313cfacfaa6214b0b62b1869274b30e8c9ce4ad1,EXP-008,C3,img2img,strong,0.4,42,512,512,R3,20,0.818558,0.43874,7f65ab15a171c3cc8e99e8bb96de32af3420082b194727e84101616fd9e8c41c,False,cpu,h94/IP-Adapter,018e402774aeeddd60609b4ecdb7e298259dc729,ok,,
0ce25487bd2758f13efddf8e765859cbcc26a90e5cff801c64ca86b160c40df9,EXP-008,C3,img2img,strong,0.4,1337,512,512,R3,23,0.745586,0.370949,e3a150b2f5ad2b98c7bb27c0b5686a2bd2890b1fff8e75437324c0700b856b68,False,cpu,h94/IP-Adapter,018e402774aeeddd60609b4ecdb7e298259dc729,ok,,
132e8cfebdb6a04fbda4ea766df7925e7569a8ea82121536f8ae13632ecbb036,EXP-008,C3,img2img,strong,0.4,2026,512,512,R3,22,0.737425,0.42546,b9f0ce46bea516e1445c19d5c299848347e7cf3ae822299c98de56435b8eab88,False,cpu,h94/IP-Adapter,018e402774aeeddd60609b4ecdb7e298259dc729,ok,,
8c21ea83aeb38368a43b17bff716c6830ecb54cf429315e2cb5d0b551e32b37b,EXP-008,C4,img2img,strong,0.4,42,512,512,R4,28,0.910857,0.309075,508187805990d2bea40bf46555743729be8a5a33e2d957a89ec4fe87a72f50fd,False,cpu,h94/IP-Adapter,018e402774aeeddd60609b4ecdb7e298259dc729,ok,,
d095bef2f39b25a2488de187bea759cde76ed9d986968f42b31c2d928f216a5b,EXP-008,C4,img2img,strong,0.4,1337,512,512,R4,28,0.882613,0.299096,8c12c88af5d948a08b52795b0ba0426732e19143e0ecfaf95d08438dd3ecda81,False,cpu,h94/IP-Adapter,018e402774aeeddd60609b4ecdb7e298259dc729,ok,,
808685aef8e7c0f3f48f5c9cb7b71864ac8f74ec5ff5fbd505b3412abd5fcb1b,EXP-008,C4,img2img,strong,0.4,2026,512,512,R4,28,0.906178,0.296021,f9a56e953419233e13c794317f23c7b6b0eb16684d3727c3797f9e6e20b8125f,False,cpu,h94/IP-Adapter,018e402774aeeddd60609b4ecdb7e298259dc729,ok,,
3d78ff942da4202aa8a27a00e2e53b34dabdd7a444eba1f63fc1e52b280c137b,EXP-008b,C1,img2img,medium,0.65,42,512,512,R1,13,0.194822,0.438199,cee27050f45b5ab6bbbdad05dc9f2146b202377e64261840d553b1c61fe9c5af,False,cpu,h94/IP-Adapter,018e402774aeeddd60609b4ecdb7e298259dc729,ok,,
a6bcfa78e0a157193c1c1a065484c763790236257c77637c40b07e7615747df1,EXP-008b,C1,img2img,strong,0.4,42,512,512,R1,10,0.405241,0.271186,cee27050f45b5ab6bbbdad05dc9f2146b202377e64261840d553b1c61fe9c5af,False,cpu,h94/IP-Adapter,018e402774aeeddd60609b4ecdb7e298259dc729,ok,,
5a4ba2d1dbf8efd6f663db41b09d3031912b6a55d24f8e3ab1037932085b3cfc,EXP-008b,C1,img2img,weak,0.85,42,512,512,R1,17,0.100765,0.59773,cee27050f45b5ab6bbbdad05dc9f2146b202377e64261840d553b1c61fe9c5af,False,cpu,h94/IP-Adapter,018e402774aeeddd60609b4ecdb7e298259dc729,ok,,
5bcdcad62ab886711c2b104b295e7db2d565cfeb902394d46b66ac95811f3015,EXP-009,C1,ip-adapter,weak,0.2,42,512,512,R1,37,0.230879,0.640097,cee27050f45b5ab6bbbdad05dc9f2146b202377e64261840d553b1c61fe9c5af,False,cpu,h94/IP-Adapter,018e402774aeeddd60609b4ecdb7e298259dc729,ok,,
a6c684904c0700ad30e0d313442d7aebe9d5ceffc6ba08ee3adaf2179d1ba2c2,EXP-009,C1,ip-adapter,weak,0.2,1337,512,512,R1,34,0.254637,0.585666,3700558a0617e3ae6235dda874ffe35bd4bcd283453906119e5b8e142a611dda,False,cpu,h94/IP-Adapter,018e402774aeeddd60609b4ecdb7e298259dc729,ok,,
07c1358360a49132f3504163c6ec2fc607e6a48a589c83a709905a0b0b932dcc,EXP-009,C1,ip-adapter,weak,0.2,2026,512,512,R1,39,0.0922,0.785303,bdd8c131c8b17a9d414139aae0e5853a8edd372ca82b13f6a38fe699ec1bce7e,False,cpu,h94/IP-Adapter,018e402774aeeddd60609b4ecdb7e298259dc729,ok,,
88435cb4a2c80364e4ec6b2f4b1ee61261f2edf09d65394f962d59dfeb3aafa8,EXP-009,C2,ip-adapter,weak,0.2,42,512,512,R2,30,0.482972,0.325803,f003da95ec7cb6460fa5444ad8ab78155a524cb93392ef0f3c4d5b2150a3b9cc,False,cpu,h94/IP-Adapter,018e402774aeeddd60609b4ecdb7e298259dc729,ok,,
1b9d406fb7acba01da1ed2dd936d79322d41c6200aee90094d78ce18e5e9de95,EXP-009,C2,ip-adapter,weak,0.2,1337,512,512,R2,35,0.597631,0.495428,1ff00b4e4febfc9bc48c70573a80f1ab8edf8b751960fae274be497030b38f5b,False,cpu,h94/IP-Adapter,018e402774aeeddd60609b4ecdb7e298259dc729,ok,,
9abe2f990378b19f6172f44dd6724fd05b322d273a58444fdba7d51c649ab7a4,EXP-009,C2,ip-adapter,weak,0.2,2026,512,512,R2,37,0.400467,0.662296,fe73e9ca27613198a8142cfc06ac07e5b90f77dbfeab465ca63354a9c9865d5a,False,cpu,h94/IP-Adapter,018e402774aeeddd60609b4ecdb7e298259dc729,ok,,
0685c2bf11c3f1ecc93942164e434ed44e7959229a4525364aedabf8231e45e0,EXP-009,C3,ip-adapter,weak,0.2,42,512,512,R3,37,0.525841,0.447246,7f65ab15a171c3cc8e99e8bb96de32af3420082b194727e84101616fd9e8c41c,False,cpu,h94/IP-Adapter,018e402774aeeddd60609b4ecdb7e298259dc729,ok,,
f022076eca77b12a368888184112a8b57fadc700a63dba51b4c02f700ed59677,EXP-009,C3,ip-adapter,weak,0.2,1337,512,512,R3,25,0.476651,0.614415,e3a150b2f5ad2b98c7bb27c0b5686a2bd2890b1fff8e75437324c0700b856b68,False,cpu,h94/IP-Adapter,018e402774aeeddd60609b4ecdb7e298259dc729,ok,,
72103f5776ace1d04ed8dbb982e7b60f4ac5bbf90c454ccaecbd1a272f64a91d,EXP-009,C3,ip-adapter,weak,0.2,2026,512,512,R3,40,0.359714,0.877218,b9f0ce46bea516e1445c19d5c299848347e7cf3ae822299c98de56435b8eab88,False,cpu,h94/IP-Adapter,018e402774aeeddd60609b4ecdb7e298259dc729,ok,,
940a040f92c8e18d5b4cc9ccfe86df4570e8236d4f400325677c3b19f275b271,EXP-009,C4,ip-adapter,weak,0.2,42,512,512,R4,32,0.490538,0.489591,508187805990d2bea40bf46555743729be8a5a33e2d957a89ec4fe87a72f50fd,False,cpu,h94/IP-Adapter,018e402774aeeddd60609b4ecdb7e298259dc729,ok,,
871d08273d441e07f784f8fe6eb1c1b4f8cda19dad746d9f88a95301d0c8bd39,EXP-009,C4,ip-adapter,weak,0.2,1337,512,512,R4,30,0.429607,0.461336,8c12c88af5d948a08b52795b0ba0426732e19143e0ecfaf95d08438dd3ecda81,False,cpu,h94/IP-Adapter,018e402774aeeddd60609b4ecdb7e298259dc729,ok,,
5f8f60aa934824e5077916243c51fcb44ff2aba0e8aa0614821cbdd922b79658,EXP-009,C4,ip-adapter,weak,0.2,2026,512,512,R4,31,0.293798,0.642016,f9a56e953419233e13c794317f23c7b6b0eb16684d3727c3797f9e6e20b8125f,False,cpu,h94/IP-Adapter,018e402774aeeddd60609b4ecdb7e298259dc729,ok,,
176954a99757a7fcaa9fe34387a3fea5ae3fe9a50868c0748edd559bb01ceabb,EXP-009,C1,ip-adapter,weak,0.4,42,512,512,R1,38,0.322962,0.522517,cee27050f45b5ab6bbbdad05dc9f2146b202377e64261840d553b1c61fe9c5af,False,cpu,h94/IP-Adapter,018e402774aeeddd60609b4ecdb7e298259dc729,ok,,
831523b796b6904297db0d47a15e985daa2beb9062c26d111188962044b023cf,EXP-009,C1,ip-adapter,weak,0.4,1337,512,512,R1,39,0.251752,0.427067,3700558a0617e3ae6235dda874ffe35bd4bcd283453906119e5b8e142a611dda,False,cpu,h94/IP-Adapter,018e402774aeeddd60609b4ecdb7e298259dc729,ok,,
c494a94510b95c4557b58a27c0e9c267cd167dc1e1cbb4243d5596cf01d1c650,EXP-009,C1,ip-adapter,weak,0.4,2026,512,512,R1,39,0.139359,0.704939,bdd8c131c8b17a9d414139aae0e5853a8edd372ca82b13f6a38fe699ec1bce7e,False,cpu,h94/IP-Adapter,018e402774aeeddd60609b4ecdb7e298259dc729,ok,,
05c0837e2cad34bf554eb87d0f67ebfbe1a7b2a304e60a3b1907cfe3d3909076,EXP-009,C2,ip-adapter,weak,0.4,42,512,512,R2,26,0.553244,0.282533,f003da95ec7cb6460fa5444ad8ab78155a524cb93392ef0f3c4d5b2150a3b9cc,False,cpu,h94/IP-Adapter,018e402774aeeddd60609b4ecdb7e298259dc729,ok,,
5800a5fedb5b8547d010d1e0812f913f7555cf2cb6fb4a8854fafc91ddb19dc2,EXP-009,C2,ip-adapter,weak,0.4,1337,512,512,R2,40,0.587363,0.412411,1ff00b4e4febfc9bc48c70573a80f1ab8edf8b751960fae274be497030b38f5b,False,cpu,h94/IP-Adapter,018e402774aeeddd60609b4ecdb7e298259dc729,ok,,
397badab10e213dc56f0f60d4614f3c944b33e4dd21d4431f3b2835ad8da1281,EXP-009,C2,ip-adapter,weak,0.4,2026,512,512,R2,28,0.652124,0.499328,fe73e9ca27613198a8142cfc06ac07e5b90f77dbfeab465ca63354a9c9865d5a,False,cpu,h94/IP-Adapter,018e402774aeeddd60609b4ecdb7e298259dc729,ok,,
33b453b9ced1899250dcc836ecf9988db8ac483eb523f8b02e9a280d68106724,EXP-009,C3,ip-adapter,weak,0.4,42,512,512,R3,41,0.724651,0.396241,7f65ab15a171c3cc8e99e8bb96de32af3420082b194727e84101616fd9e8c41c,False,cpu,h94/IP-Adapter,018e402774aeeddd60609b4ecdb7e298259dc729,ok,,
6cc01127a4756cc9f1e812f84ac9f826043b56449379ebad2e32619818ef5925,EXP-009,C3,ip-adapter,weak,0.4,1337,512,512,R3,29,0.58668,0.519265,e3a150b2f5ad2b98c7bb27c0b5686a2bd2890b1fff8e75437324c0700b856b68,False,cpu,h94/IP-Adapter,018e402774aeeddd60609b4ecdb7e298259dc729,ok,,
178ad21111fe78c8c0d87ccd244647392a6527f8e65dfc81c272d4ef57d0aa1c,EXP-009,C3,ip-adapter,weak,0.4,2026,512,512,R3,36,0.696387,0.437442,b9f0ce46bea516e1445c19d5c299848347e7cf3ae822299c98de56435b8eab88,False,cpu,h94/IP-Adapter,018e402774aeeddd60609b4ecdb7e298259dc729,ok,,
5f68083a689f7cf62f4a95da4f33327ee21c6fbdac84828deed2c8bcd16e19ac,EXP-009,C4,ip-adapter,weak,0.4,42,512,512,R4,34,0.623114,0.371995,508187805990d2bea40bf46555743729be8a5a33e2d957a89ec4fe87a72f50fd,False,cpu,h94/IP-Adapter,018e402774aeeddd60609b4ecdb7e298259dc729,ok,,
16bd6e46750bae441fec59eade826a580d3edf39f812062366397ed673e72c2a,EXP-009,C4,ip-adapter,weak,0.4,1337,512,512,R4,30,0.694238,0.342366,8c12c88af5d948a08b52795b0ba0426732e19143e0ecfaf95d08438dd3ecda81,False,cpu,h94/IP-Adapter,018e402774aeeddd60609b4ecdb7e298259dc729,ok,,
4293d00af1cd069a3046ca872904a8210c122c1da6c10d027224ccc57f86fe4e,EXP-009,C4,ip-adapter,weak,0.4,2026,512,512,R4,29,0.525197,0.447505,f9a56e953419233e13c794317f23c7b6b0eb16684d3727c3797f9e6e20b8125f,False,cpu,h94/IP-Adapter,018e402774aeeddd60609b4ecdb7e298259dc729,ok,,
e40d8b1ed58ac4152810de798f3942e263a09928c833d9d7a52824478b1049fd,EXP-009,C1,ip-adapter,medium,0.6,42,512,512,R1,35,0.41725,0.445226,cee27050f45b5ab6bbbdad05dc9f2146b202377e64261840d553b1c61fe9c5af,False,cpu,h94/IP-Adapter,018e402774aeeddd60609b4ecdb7e298259dc729,ok,,
9773f3332b230a49a6ca2ef508942efba888e5eb18c21cdca1bae6f1063f2dec,EXP-009,C1,ip-adapter,medium,0.6,1337,512,512,R1,41,0.426406,0.368434,3700558a0617e3ae6235dda874ffe35bd4bcd283453906119e5b8e142a611dda,False,cpu,h94/IP-Adapter,018e402774aeeddd60609b4ecdb7e298259dc729,ok,,
c5a9662ec0e35b7fcf9ab97fa98f6d0ca63cacf969f1947640916c742e36a03f,EXP-009,C1,ip-adapter,medium,0.6,2026,512,512,R1,47,0.3905,0.298627,bdd8c131c8b17a9d414139aae0e5853a8edd372ca82b13f6a38fe699ec1bce7e,False,cpu,h94/IP-Adapter,018e402774aeeddd60609b4ecdb7e298259dc729,ok,,
9f1f7617c686c5e65e7dbfae5fa0b74a2a8347e439f76d0204d0f931f81a5784,EXP-009,C2,ip-adapter,medium,0.6,42,512,512,R2,38,0.637286,0.409575,f003da95ec7cb6460fa5444ad8ab78155a524cb93392ef0f3c4d5b2150a3b9cc,False,cpu,h94/IP-Adapter,018e402774aeeddd60609b4ecdb7e298259dc729,ok,,
649c09e8aa6df7bef66eb02337a34710749185ff0ebbf7128b4cbe379102fdc2,EXP-009,C2,ip-adapter,medium,0.6,1337,512,512,R2,33,0.742146,0.546834,1ff00b4e4febfc9bc48c70573a80f1ab8edf8b751960fae274be497030b38f5b,False,cpu,h94/IP-Adapter,018e402774aeeddd60609b4ecdb7e298259dc729,ok,,
5a907badee7dc57e9c3b08831ba85cb3a225ea2383664d224f2fdfa3366c5f40,EXP-009,C2,ip-adapter,medium,0.6,2026,512,512,R2,38,0.616352,0.394991,fe73e9ca27613198a8142cfc06ac07e5b90f77dbfeab465ca63354a9c9865d5a,False,cpu,h94/IP-Adapter,018e402774aeeddd60609b4ecdb7e298259dc729,ok,,
07627ffb22f73fbc0683b871eff8d89b0b3607f58c79ed4ecad916ecfdbab9f7,EXP-009,C3,ip-adapter,medium,0.6,42,512,512,R3,37,0.775613,0.356319,7f65ab15a171c3cc8e99e8bb96de32af3420082b194727e84101616fd9e8c41c,False,cpu,h94/IP-Adapter,018e402774aeeddd60609b4ecdb7e298259dc729,ok,,
f6dc56d65b511136baca38f9c679f1c3b72305cbd708d09b437394c8e61c00e7,EXP-009,C3,ip-adapter,medium,0.6,1337,512,512,R3,27,0.730819,0.289557,e3a150b2f5ad2b98c7bb27c0b5686a2bd2890b1fff8e75437324c0700b856b68,False,cpu,h94/IP-Adapter,018e402774aeeddd60609b4ecdb7e298259dc729,ok,,
5bfde5d9fecf01f882acff4957e8a1751b13de9044e9cda257efd7672d698885,EXP-009,C3,ip-adapter,medium,0.6,2026,512,512,R3,34,0.809537,0.34818,b9f0ce46bea516e1445c19d5c299848347e7cf3ae822299c98de56435b8eab88,False,cpu,h94/IP-Adapter,018e402774aeeddd60609b4ecdb7e298259dc729,ok,,
392e7b311fab722446dd39c298b118935f016dd40bfea3f65417a7b87b8d762d,EXP-009,C4,ip-adapter,medium,0.6,42,512,512,R4,38,0.667229,0.355503,508187805990d2bea40bf46555743729be8a5a33e2d957a89ec4fe87a72f50fd,False,cpu,h94/IP-Adapter,018e402774aeeddd60609b4ecdb7e298259dc729,ok,,
7eccefdb933a6e16ecb2341fe4bc151fe08c82923db074c78dfe50a95f1e28f0,EXP-009,C4,ip-adapter,medium,0.6,1337,512,512,R4,30,0.792938,0.32126,8c12c88af5d948a08b52795b0ba0426732e19143e0ecfaf95d08438dd3ecda81,False,cpu,h94/IP-Adapter,018e402774aeeddd60609b4ecdb7e298259dc729,ok,,
60ab4829f79f53d789f3633455abadcf67067d4a2d118d0bfdedfc21fa4b6249,EXP-009,C4,ip-adapter,medium,0.6,2026,512,512,R4,33,0.734995,0.344965,f9a56e953419233e13c794317f23c7b6b0eb16684d3727c3797f9e6e20b8125f,False,cpu,h94/IP-Adapter,018e402774aeeddd60609b4ecdb7e298259dc729,ok,,
8ee68735f4b01f90ef7026d667a99fc26fe195e933780dac83132e544cd503f8,EXP-009,C1,ip-adapter,strong,0.8,42,512,512,R1,35,0.529002,0.361933,cee27050f45b5ab6bbbdad05dc9f2146b202377e64261840d553b1c61fe9c5af,False,cpu,h94/IP-Adapter,018e402774aeeddd60609b4ecdb7e298259dc729,ok,,
d9de93cad56100d36d3f168a56f75cd1a9cb51cce8b12f23be130506259195dc,EXP-009,C1,ip-adapter,strong,0.8,1337,512,512,R1,37,0.456937,0.258519,3700558a0617e3ae6235dda874ffe35bd4bcd283453906119e5b8e142a611dda,False,cpu,h94/IP-Adapter,018e402774aeeddd60609b4ecdb7e298259dc729,ok,,
fb288bb8742fc480193d2674d554a79439a9e0afb18dc267fcfa72d4b39e37f2,EXP-009,C1,ip-adapter,strong,0.8,2026,512,512,R1,52,0.479194,0.289738,bdd8c131c8b17a9d414139aae0e5853a8edd372ca82b13f6a38fe699ec1bce7e,False,cpu,h94/IP-Adapter,018e402774aeeddd60609b4ecdb7e298259dc729,ok,,
7536b96009dddfd5232dc90f1223b4a17ea7d169bf2ebc4a461b51968fbd7ab5,EXP-009,C2,ip-adapter,strong,0.8,42,512,512,R2,45,0.614162,0.40111,f003da95ec7cb6460fa5444ad8ab78155a524cb93392ef0f3c4d5b2150a3b9cc,False,cpu,h94/IP-Adapter,018e402774aeeddd60609b4ecdb7e298259dc729,ok,,
b93388b18d27a83507e8126eda8f91e905ede61b92a623b1ccc7544ed7ce118b,EXP-009,C2,ip-adapter,strong,0.8,1337,512,512,R2,33,0.771104,0.566272,1ff00b4e4febfc9bc48c70573a80f1ab8edf8b751960fae274be497030b38f5b,False,cpu,h94/IP-Adapter,018e402774aeeddd60609b4ecdb7e298259dc729,ok,,
7a0038c44cee09bb65ef917f88b958a3c107a43319790f7e2c92e1c9c44bc66a,EXP-009,C2,ip-adapter,strong,0.8,2026,512,512,R2,30,0.642551,0.427307,fe73e9ca27613198a8142cfc06ac07e5b90f77dbfeab465ca63354a9c9865d5a,False,cpu,h94/IP-Adapter,018e402774aeeddd60609b4ecdb7e298259dc729,ok,,
3e453892e33dd27f5703f68ff29238d62357864d84b3f77329ee9c17df7e768e,EXP-009,C3,ip-adapter,strong,0.8,42,512,512,R3,32,0.863061,0.377202,7f65ab15a171c3cc8e99e8bb96de32af3420082b194727e84101616fd9e8c41c,False,cpu,h94/IP-Adapter,018e402774aeeddd60609b4ecdb7e298259dc729,ok,,
e3927b697c9e9b1c8cefa86d8fc9d7f0b087b09293649acb05e91a66623cf097,EXP-009,C3,ip-adapter,strong,0.8,1337,512,512,R3,28,0.820288,0.313181,e3a150b2f5ad2b98c7bb27c0b5686a2bd2890b1fff8e75437324c0700b856b68,False,cpu,h94/IP-Adapter,018e402774aeeddd60609b4ecdb7e298259dc729,ok,,
0410d735309aea67d2bb26d299647e4c19a9cd49414fdf425b5c617523e53641,EXP-009,C3,ip-adapter,strong,0.8,2026,512,512,R3,34,0.840284,0.309515,b9f0ce46bea516e1445c19d5c299848347e7cf3ae822299c98de56435b8eab88,False,cpu,h94/IP-Adapter,018e402774aeeddd60609b4ecdb7e298259dc729,ok,,
6dbc4916f0d22755cf261ad321645bb5694db252fc298984b2c4b3e6f7ee5fe8,EXP-009,C4,ip-adapter,strong,0.8,42,512,512,R4,29,0.726504,0.276486,508187805990d2bea40bf46555743729be8a5a33e2d957a89ec4fe87a72f50fd,False,cpu,h94/IP-Adapter,018e402774aeeddd60609b4ecdb7e298259dc729,ok,,
b9c5bc15ae92fdc3a8d8f52b2d4f0e14bb703dc0521af6cc9f8c04381af7f79f,EXP-009,C4,ip-adapter,strong,0.8,1337,512,512,R4,35,0.745542,0.294823,8c12c88af5d948a08b52795b0ba0426732e19143e0ecfaf95d08438dd3ecda81,False,cpu,h94/IP-Adapter,018e402774aeeddd60609b4ecdb7e298259dc729,ok,,
2470a25867fd785f6f2e29ea9c37d1d28ae9cb034b66a4420d9ed84fdac322d8,EXP-009,C4,ip-adapter,strong,0.8,2026,512,512,R4,35,0.764262,0.363259,f9a56e953419233e13c794317f23c7b6b0eb16684d3727c3797f9e6e20b8125f,False,cpu,h94/IP-Adapter,018e402774aeeddd60609b4ecdb7e298259dc729,ok,,
4ba882f21935292e8482ae86475efe2650614b05b120753061afc14f35874047,EXP-009,C1,ip-adapter,strong,1.0,42,512,512,R1,37,0.532061,0.277506,cee27050f45b5ab6bbbdad05dc9f2146b202377e64261840d553b1c61fe9c5af,False,cpu,h94/IP-Adapter,018e402774aeeddd60609b4ecdb7e298259dc729,ok,,
0bf29b4dae6ea8e73f6c7458c94d5d74fe09a9e576e7ab44c1e07e26268a11df,EXP-009,C1,ip-adapter,strong,1.0,1337,512,512,R1,34,0.53058,0.278569,3700558a0617e3ae6235dda874ffe35bd4bcd283453906119e5b8e142a611dda,False,cpu,h94/IP-Adapter,018e402774aeeddd60609b4ecdb7e298259dc729,ok,,
8fa895bdf0e0fb2ced214259cd8891210b7798766ce145cec1bc54d5b1ee6f7b,EXP-009,C1,ip-adapter,strong,1.0,2026,512,512,R1,48,0.541893,0.188657,bdd8c131c8b17a9d414139aae0e5853a8edd372ca82b13f6a38fe699ec1bce7e,False,cpu,h94/IP-Adapter,018e402774aeeddd60609b4ecdb7e298259dc729,ok,,
b0d90276906b6c1885bf313b58e88a8e05fee2aa4d327586215ceb970836a43d,EXP-009,C2,ip-adapter,strong,1.0,42,512,512,R2,37,0.705332,0.438091,f003da95ec7cb6460fa5444ad8ab78155a524cb93392ef0f3c4d5b2150a3b9cc,False,cpu,h94/IP-Adapter,018e402774aeeddd60609b4ecdb7e298259dc729,ok,,
6b4fac79825c1efd144be964fa2cd17ea54504ff56377cd16930d3a9dcf54bac,EXP-009,C2,ip-adapter,strong,1.0,1337,512,512,R2,36,0.75879,0.555825,1ff00b4e4febfc9bc48c70573a80f1ab8edf8b751960fae274be497030b38f5b,False,cpu,h94/IP-Adapter,018e402774aeeddd60609b4ecdb7e298259dc729,ok,,
750c1670b6d91f3e955bdb48603fc1077f4bab077566f612bb86b62ef20f2942,EXP-009,C2,ip-adapter,strong,1.0,2026,512,512,R2,32,0.712891,0.449933,fe73e9ca27613198a8142cfc06ac07e5b90f77dbfeab465ca63354a9c9865d5a,False,cpu,h94/IP-Adapter,018e402774aeeddd60609b4ecdb7e298259dc729,ok,,
c596729447201650e1c86c04e444f8319be6a41fbfd2963639976295b921c3af,EXP-009,C3,ip-adapter,strong,1.0,42,512,512,R3,35,0.871504,0.373737,7f65ab15a171c3cc8e99e8bb96de32af3420082b194727e84101616fd9e8c41c,False,cpu,h94/IP-Adapter,018e402774aeeddd60609b4ecdb7e298259dc729,ok,,
ff507562ea10ad935ac0a0986e521463840a21a87433c008be3228ee95dae112,EXP-009,C3,ip-adapter,strong,1.0,1337,512,512,R3,29,0.829808,0.303647,e3a150b2f5ad2b98c7bb27c0b5686a2bd2890b1fff8e75437324c0700b856b68,False,cpu,h94/IP-Adapter,018e402774aeeddd60609b4ecdb7e298259dc729,ok,,
e2dff8d1e614e5f3ae088a3a70c6d11dabd2a762eeef2dd10b4f2e93e7fc261c,EXP-009,C3,ip-adapter,strong,1.0,2026,512,512,R3,34,0.874282,0.323231,b9f0ce46bea516e1445c19d5c299848347e7cf3ae822299c98de56435b8eab88,False,cpu,h94/IP-Adapter,018e402774aeeddd60609b4ecdb7e298259dc729,ok,,
96301cf6953b84ea5e4538839236d4f4a263a18333cc4d287fef35fd166035b9,EXP-009,C4,ip-adapter,strong,1.0,42,512,512,R4,32,0.737561,0.332798,508187805990d2bea40bf46555743729be8a5a33e2d957a89ec4fe87a72f50fd,False,cpu,h94/IP-Adapter,018e402774aeeddd60609b4ecdb7e298259dc729,ok,,
9146538e3659cdaed9dc6c8291bfb11807add4ebab2d05ff1c176c7eb7c31369,EXP-009,C4,ip-adapter,strong,1.0,1337,512,512,R4,31,0.742585,0.289007,8c12c88af5d948a08b52795b0ba0426732e19143e0ecfaf95d08438dd3ecda81,False,cpu,h94/IP-Adapter,018e402774aeeddd60609b4ecdb7e298259dc729,ok,,
f0ff10b2a47a8c33679777c765bcbcfeafd4c2cb587ee83355d145f960335130,EXP-009,C4,ip-adapter,strong,1.0,2026,512,512,R4,31,0.743173,0.352984,f9a56e953419233e13c794317f23c7b6b0eb16684d3727c3797f9e6e20b8125f,False,cpu,h94/IP-Adapter,018e402774aeeddd60609b4ecdb7e298259dc729,ok,,
def478a1d6328bbdaafe77c0268fd33eee79b287da85c7038eb629a452907118,EXP-009,C1,ip-adapter,weak,0.25,42,512,512,R1,36,0.216997,0.640824,cee27050f45b5ab6bbbdad05dc9f2146b202377e64261840d553b1c61fe9c5af,False,cpu,h94/IP-Adapter,018e402774aeeddd60609b4ecdb7e298259dc729,ok,,
16b4b7b8c6280ccb01f9a3170f59c0b2b02a03d8e1a0be5fc3830bc6dd2a4722,EXP-009,C1,ip-adapter,weak,0.25,1337,512,512,R1,39,0.311216,0.437648,3700558a0617e3ae6235dda874ffe35bd4bcd283453906119e5b8e142a611dda,False,cpu,h94/IP-Adapter,018e402774aeeddd60609b4ecdb7e298259dc729,ok,,
f4b04ed337a8783889f3226030ce589e9586db99ad9aec5a32d6a7e1a3e1e6b7,EXP-009,C1,ip-adapter,weak,0.25,2026,512,512,R1,35,0.070638,0.800413,bdd8c131c8b17a9d414139aae0e5853a8edd372ca82b13f6a38fe699ec1bce7e,False,cpu,h94/IP-Adapter,018e402774aeeddd60609b4ecdb7e298259dc729,ok,,
c825fe1dff46723090450cc41fb63a535506655061e6ad9adb3222f58a4bbc29,EXP-009,C2,ip-adapter,weak,0.25,42,512,512,R2,31,0.610355,0.389042,f003da95ec7cb6460fa5444ad8ab78155a524cb93392ef0f3c4d5b2150a3b9cc,False,cpu,h94/IP-Adapter,018e402774aeeddd60609b4ecdb7e298259dc729,ok,,
aa658acb1230a1b40261354fca03f537e028ef263d22b167521536edd3079d2a,EXP-009,C2,ip-adapter,weak,0.25,1337,512,512,R2,41,0.632574,0.429912,1ff00b4e4febfc9bc48c70573a80f1ab8edf8b751960fae274be497030b38f5b,False,cpu,h94/IP-Adapter,018e402774aeeddd60609b4ecdb7e298259dc729,ok,,
5b32436e6213c1522f3cd8778ffb5ccacd972954e330cb70b31fd30b0621b021,EXP-009,C2,ip-adapter,weak,0.25,2026,512,512,R2,30,0.525852,0.509441,fe73e9ca27613198a8142cfc06ac07e5b90f77dbfeab465ca63354a9c9865d5a,False,cpu,h94/IP-Adapter,018e402774aeeddd60609b4ecdb7e298259dc729,ok,,
ac41b1895dd993c598ffdb9990d3a827a289e44ef2b132e265a39c85f9be753f,EXP-009,C3,ip-adapter,weak,0.25,42,512,512,R3,35,0.623175,0.446265,7f65ab15a171c3cc8e99e8bb96de32af3420082b194727e84101616fd9e8c41c,False,cpu,h94/IP-Adapter,018e402774aeeddd60609b4ecdb7e298259dc729,ok,,
c9338cf8bc040b81bf6e0c047a30157e9512a5d6000310af7d3fc717f6a59c7e,EXP-009,C3,ip-adapter,weak,0.25,1337,512,512,R3,25,0.482757,0.609614,e3a150b2f5ad2b98c7bb27c0b5686a2bd2890b1fff8e75437324c0700b856b68,False,cpu,h94/IP-Adapter,018e402774aeeddd60609b4ecdb7e298259dc729,ok,,
bf60ab183517f7333fd5ee06b85b6094bdefa2d6e909e5959825580ca3299859,EXP-009,C3,ip-adapter,weak,0.25,2026,512,512,R3,38,0.505491,0.769927,b9f0ce46bea516e1445c19d5c299848347e7cf3ae822299c98de56435b8eab88,False,cpu,h94/IP-Adapter,018e402774aeeddd60609b4ecdb7e298259dc729,ok,,
25ee94e776b550664e59232f35d940b4a88024492878faa9d61cebe0c726e545,EXP-009,C4,ip-adapter,weak,0.25,42,512,512,R4,32,0.536323,0.552485,508187805990d2bea40bf46555743729be8a5a33e2d957a89ec4fe87a72f50fd,False,cpu,h94/IP-Adapter,018e402774aeeddd60609b4ecdb7e298259dc729,ok,,
1069d6bbb7603d583eb5827a68e725bedc0be2f389a869c0d2a5d221ffd1e806,EXP-009,C4,ip-adapter,weak,0.25,1337,512,512,R4,28,0.510318,0.460428,8c12c88af5d948a08b52795b0ba0426732e19143e0ecfaf95d08438dd3ecda81,False,cpu,h94/IP-Adapter,018e402774aeeddd60609b4ecdb7e298259dc729,ok,,
152bb79ac5d4465c484012a0b0e23919a4e4123e2ca268aa0c72a450b1dc6e97,EXP-009,C4,ip-adapter,weak,0.25,2026,512,512,R4,30,0.337652,0.614618,f9a56e953419233e13c794317f23c7b6b0eb16684d3727c3797f9e6e20b8125f,False,cpu,h94/IP-Adapter,018e402774aeeddd60609b4ecdb7e298259dc729,ok,,
7fb17cb1b571966a1ac007d1ca9572c0655d3c3f3b13a96def93b2c5d6042721,EXP-009,C1,ip-adapter,medium,0.55,42,512,512,R1,34,0.418551,0.47167,cee27050f45b5ab6bbbdad05dc9f2146b202377e64261840d553b1c61fe9c5af,False,cpu,h94/IP-Adapter,018e402774aeeddd60609b4ecdb7e298259dc729,ok,,
9178364a4bfd8f71ff5b704db75fb46228167e26e5787bcb5c73f5e629a7ab9d,EXP-009,C1,ip-adapter,medium,0.55,1337,512,512,R1,38,0.358955,0.445659,3700558a0617e3ae6235dda874ffe35bd4bcd283453906119e5b8e142a611dda,False,cpu,h94/IP-Adapter,018e402774aeeddd60609b4ecdb7e298259dc729,ok,,
75c21f49e2b12416c03e66c84576e31d0b7b3607eff45fc3b1e58f556d06ee79,EXP-009,C1,ip-adapter,medium,0.55,2026,512,512,R1,45,0.394014,0.242727,bdd8c131c8b17a9d414139aae0e5853a8edd372ca82b13f6a38fe699ec1bce7e,False,cpu,h94/IP-Adapter,018e402774aeeddd60609b4ecdb7e298259dc729,ok,,
32c0ab330663ad54bc3d316086402213db780c4ce321437cf6b372038dcf98be,EXP-009,C2,ip-adapter,medium,0.55,42,512,512,R2,39,0.647468,0.418598,f003da95ec7cb6460fa5444ad8ab78155a524cb93392ef0f3c4d5b2150a3b9cc,False,cpu,h94/IP-Adapter,018e402774aeeddd60609b4ecdb7e298259dc729,ok,,
7d8812dae4cf3e3d9458a43e50b9fa2247758f324b3b473a65536894021cf587,EXP-009,C2,ip-adapter,medium,0.55,1337,512,512,R2,32,0.682708,0.519784,1ff00b4e4febfc9bc48c70573a80f1ab8edf8b751960fae274be497030b38f5b,False,cpu,h94/IP-Adapter,018e402774aeeddd60609b4ecdb7e298259dc729,ok,,
db768e2bf70d8e19070adb632d6849fec3c1da9dbc2d899b7b17427c0464260c,EXP-009,C2,ip-adapter,medium,0.55,2026,512,512,R2,36,0.608581,0.397608,fe73e9ca27613198a8142cfc06ac07e5b90f77dbfeab465ca63354a9c9865d5a,False,cpu,h94/IP-Adapter,018e402774aeeddd60609b4ecdb7e298259dc729,ok,,
eb94b0130ccacce204cae394b124fb0d33308d393c003710984e753f7ad56218,EXP-009,C3,ip-adapter,medium,0.55,42,512,512,R3,35,0.725255,0.365477,7f65ab15a171c3cc8e99e8bb96de32af3420082b194727e84101616fd9e8c41c,False,cpu,h94/IP-Adapter,018e402774aeeddd60609b4ecdb7e298259dc729,ok,,
8ec3be3ad80c5a092c85d968f3778177017a5e04693c4497eff6ab202a883c4d,EXP-009,C3,ip-adapter,medium,0.55,1337,512,512,R3,27,0.722995,0.31583,e3a150b2f5ad2b98c7bb27c0b5686a2bd2890b1fff8e75437324c0700b856b68,False,cpu,h94/IP-Adapter,018e402774aeeddd60609b4ecdb7e298259dc729,ok,,
775dcea957ebbd78bf272d6b0405e6b48e57ba0f2def0351c8f3aeca4a12d9d4,EXP-009,C3,ip-adapter,medium,0.55,2026,512,512,R3,38,0.840448,0.349098,b9f0ce46bea516e1445c19d5c299848347e7cf3ae822299c98de56435b8eab88,False,cpu,h94/IP-Adapter,018e402774aeeddd60609b4ecdb7e298259dc729,ok,,
dbc1acb64b51852feabe56cf7524d13d51b5d21e64ccebed3b6985dea595c62c,EXP-009,C4,ip-adapter,medium,0.55,42,512,512,R4,34,0.628563,0.370851,508187805990d2bea40bf46555743729be8a5a33e2d957a89ec4fe87a72f50fd,False,cpu,h94/IP-Adapter,018e402774aeeddd60609b4ecdb7e298259dc729,ok,,
9db129f43f20b27c7751d55658825fac2734a2748752e72e83ce8efd19753e96,EXP-009,C4,ip-adapter,medium,0.55,1337,512,512,R4,33,0.815061,0.323046,8c12c88af5d948a08b52795b0ba0426732e19143e0ecfaf95d08438dd3ecda81,False,cpu,h94/IP-Adapter,018e402774aeeddd60609b4ecdb7e298259dc729,ok,,
6a8f595a558346c10d416ca6776594d4c2f20f8defce12a6b37af4dc450ae6cc,EXP-009,C4,ip-adapter,medium,0.55,2026,512,512,R4,30,0.693761,0.357754,f9a56e953419233e13c794317f23c7b6b0eb16684d3727c3797f9e6e20b8125f,False,cpu,h94/IP-Adapter,018e402774aeeddd60609b4ecdb7e298259dc729,ok,,
1762bdce97b3adc7294ff8c25c73b687432b9f8028e0785b6f5c73f79a033bd4,EXP-009,C1,ip-adapter,strong,0.85,42,512,512,R1,32,0.50442,0.309409,cee27050f45b5ab6bbbdad05dc9f2146b202377e64261840d553b1c61fe9c5af,False,cpu,h94/IP-Adapter,018e402774aeeddd60609b4ecdb7e298259dc729,ok,,
bc0449dcbc28aa079ad2ccc44b0d78e0477df8e56e59d53af367eb72e3a29e0a,EXP-009,C1,ip-adapter,strong,0.85,1337,512,512,R1,34,0.403478,0.252922,3700558a0617e3ae6235dda874ffe35bd4bcd283453906119e5b8e142a611dda,False,cpu,h94/IP-Adapter,018e402774aeeddd60609b4ecdb7e298259dc729,ok,,
1d6cb64b9568a39b50013193196566a0343f82a3350938283778a5340e746c56,EXP-009,C1,ip-adapter,strong,0.85,2026,512,512,R1,51,0.523928,0.179936,bdd8c131c8b17a9d414139aae0e5853a8edd372ca82b13f6a38fe699ec1bce7e,False,cpu,h94/IP-Adapter,018e402774aeeddd60609b4ecdb7e298259dc729,ok,,
34bec279c7ce6872f6221aec5ca2916b6dcc1c9874a32c6b0ab920a865fb40d5,EXP-009,C2,ip-adapter,strong,0.85,42,512,512,R2,38,0.660302,0.407776,f003da95ec7cb6460fa5444ad8ab78155a524cb93392ef0f3c4d5b2150a3b9cc,False,cpu,h94/IP-Adapter,018e402774aeeddd60609b4ecdb7e298259dc729,ok,,
7c91d02d56bcda1c7fbd085413693a3b31ab8a00bc44a19b3530f833d645e210,EXP-009,C2,ip-adapter,strong,0.85,1337,512,512,R2,33,0.73646,0.551293,1ff00b4e4febfc9bc48c70573a80f1ab8edf8b751960fae274be497030b38f5b,False,cpu,h94/IP-Adapter,018e402774aeeddd60609b4ecdb7e298259dc729,ok,,
b65da51f395ee9e04fce3c0e349a23bf276bbbc8791cf608c9e4e117e0294d4d,EXP-009,C2,ip-adapter,strong,0.85,2026,512,512,R2,31,0.724979,0.429365,fe73e9ca27613198a8142cfc06ac07e5b90f77dbfeab465ca63354a9c9865d5a,False,cpu,h94/IP-Adapter,018e402774aeeddd60609b4ecdb7e298259dc729,ok,,
03e993c641f5b703c04959217334a8f2f531b0ac624cad50cc0b803f5e90cac6,EXP-009,C3,ip-adapter,strong,0.85,42,512,512,R3,34,0.855154,0.35052,7f65ab15a171c3cc8e99e8bb96de32af3420082b194727e84101616fd9e8c41c,False,cpu,h94/IP-Adapter,018e402774aeeddd60609b4ecdb7e298259dc729,ok,,
09df9912182bea78def9c643da4870ac5270c42aaeead170135db6c34e08aba9,EXP-009,C3,ip-adapter,strong,0.85,1337,512,512,R3,29,0.797685,0.314728,e3a150b2f5ad2b98c7bb27c0b5686a2bd2890b1fff8e75437324c0700b856b68,False,cpu,h94/IP-Adapter,018e402774aeeddd60609b4ecdb7e298259dc729,ok,,
fe5513bfb47ab5144950df39d4b5181ea3642807887d505fe3dedf28e2e987cf,EXP-009,C3,ip-adapter,strong,0.85,2026,512,512,R3,34,0.839414,0.318459,b9f0ce46bea516e1445c19d5c299848347e7cf3ae822299c98de56435b8eab88,False,cpu,h94/IP-Adapter,018e402774aeeddd60609b4ecdb7e298259dc729,ok,,
931441f378d7fc87c133ebffc8bb4159dab5084df006566d04532a26c68af42b,EXP-009,C4,ip-adapter,strong,0.85,42,512,512,R4,28,0.71776,0.282643,508187805990d2bea40bf46555743729be8a5a33e2d957a89ec4fe87a72f50fd,False,cpu,h94/IP-Adapter,018e402774aeeddd60609b4ecdb7e298259dc729,ok,,
789f2dbfe935e186aafd356c0a4466fa68aba8949644bdc5f18124b6c6760712,EXP-009,C4,ip-adapter,strong,0.85,1337,512,512,R4,37,0.736944,0.289228,8c12c88af5d948a08b52795b0ba0426732e19143e0ecfaf95d08438dd3ecda81,False,cpu,h94/IP-Adapter,018e402774aeeddd60609b4ecdb7e298259dc729,ok,,
456584c71d4068e519ddb709a6281f8fb033b6b104b77b0cc96618e3bd296498,EXP-009,C4,ip-adapter,strong,0.85,2026,512,512,R4,33,0.747746,0.342173,f9a56e953419233e13c794317f23c7b6b0eb16684d3727c3797f9e6e20b8125f,False,cpu,h94/IP-Adapter,018e402774aeeddd60609b4ecdb7e298259dc729,ok,,
7fb17cb1b571966a1ac007d1ca9572c0655d3c3f3b13a96def93b2c5d6042721,EXP-009b,C1,ip-adapter,medium,0.55,42,512,512,R1,34,0.418551,0.47167,cee27050f45b5ab6bbbdad05dc9f2146b202377e64261840d553b1c61fe9c5af,False,cpu,h94/IP-Adapter,018e402774aeeddd60609b4ecdb7e298259dc729,ok,,
1762bdce97b3adc7294ff8c25c73b687432b9f8028e0785b6f5c73f79a033bd4,EXP-009b,C1,ip-adapter,strong,0.85,42,512,512,R1,32,0.50442,0.309409,cee27050f45b5ab6bbbdad05dc9f2146b202377e64261840d553b1c61fe9c5af,False,cpu,h94/IP-Adapter,018e402774aeeddd60609b4ecdb7e298259dc729,ok,,
def478a1d6328bbdaafe77c0268fd33eee79b287da85c7038eb629a452907118,EXP-009b,C1,ip-adapter,weak,0.25,42,512,512,R1,36,0.216997,0.640824,cee27050f45b5ab6bbbdad05dc9f2146b202377e64261840d553b1c61fe9c5af,False,cpu,h94/IP-Adapter,018e402774aeeddd60609b4ecdb7e298259dc729,ok,,
cee27050f45b5ab6bbbdad05dc9f2146b202377e64261840d553b1c61fe9c5af,EXP-010,C1,ip-adapter,none,0.0,42,512,512,R1,30,0.101287,1.0,cee27050f45b5ab6bbbdad05dc9f2146b202377e64261840d553b1c61fe9c5af,False,cpu,h94/IP-Adapter,018e402774aeeddd60609b4ecdb7e298259dc729,ok,,
3700558a0617e3ae6235dda874ffe35bd4bcd283453906119e5b8e142a611dda,EXP-010,C1,ip-adapter,none,0.0,1337,512,512,R1,37,0.104422,1.0,3700558a0617e3ae6235dda874ffe35bd4bcd283453906119e5b8e142a611dda,False,cpu,h94/IP-Adapter,018e402774aeeddd60609b4ecdb7e298259dc729,ok,,
bdd8c131c8b17a9d414139aae0e5853a8edd372ca82b13f6a38fe699ec1bce7e,EXP-010,C1,ip-adapter,none,0.0,2026,512,512,R1,45,0.038168,1.0,bdd8c131c8b17a9d414139aae0e5853a8edd372ca82b13f6a38fe699ec1bce7e,False,cpu,h94/IP-Adapter,018e402774aeeddd60609b4ecdb7e298259dc729,ok,,
f003da95ec7cb6460fa5444ad8ab78155a524cb93392ef0f3c4d5b2150a3b9cc,EXP-010,C2,ip-adapter,none,0.0,42,512,512,R2,32,0.393968,1.0,f003da95ec7cb6460fa5444ad8ab78155a524cb93392ef0f3c4d5b2150a3b9cc,False,cpu,h94/IP-Adapter,018e402774aeeddd60609b4ecdb7e298259dc729,ok,,
1ff00b4e4febfc9bc48c70573a80f1ab8edf8b751960fae274be497030b38f5b,EXP-010,C2,ip-adapter,none,0.0,1337,512,512,R2,33,0.466143,1.0,1ff00b4e4febfc9bc48c70573a80f1ab8edf8b751960fae274be497030b38f5b,False,cpu,h94/IP-Adapter,018e402774aeeddd60609b4ecdb7e298259dc729,ok,,
fe73e9ca27613198a8142cfc06ac07e5b90f77dbfeab465ca63354a9c9865d5a,EXP-010,C2,ip-adapter,none,0.0,2026,512,512,R2,34,0.332263,1.0,fe73e9ca27613198a8142cfc06ac07e5b90f77dbfeab465ca63354a9c9865d5a,False,cpu,h94/IP-Adapter,018e402774aeeddd60609b4ecdb7e298259dc729,ok,,
7f65ab15a171c3cc8e99e8bb96de32af3420082b194727e84101616fd9e8c41c,EXP-010,C3,ip-adapter,none,0.0,42,512,512,R3,32,0.365348,1.0,7f65ab15a171c3cc8e99e8bb96de32af3420082b194727e84101616fd9e8c41c,False,cpu,h94/IP-Adapter,018e402774aeeddd60609b4ecdb7e298259dc729,ok,,
e3a150b2f5ad2b98c7bb27c0b5686a2bd2890b1fff8e75437324c0700b856b68,EXP-010,C3,ip-adapter,none,0.0,1337,512,512,R3,36,0.262263,1.0,e3a150b2f5ad2b98c7bb27c0b5686a2bd2890b1fff8e75437324c0700b856b68,False,cpu,h94/IP-Adapter,018e402774aeeddd60609b4ecdb7e298259dc729,ok,,
b9f0ce46bea516e1445c19d5c299848347e7cf3ae822299c98de56435b8eab88,EXP-010,C3,ip-adapter,none,0.0,2026,512,512,R3,39,0.277747,1.0,b9f0ce46bea516e1445c19d5c299848347e7cf3ae822299c98de56435b8eab88,False,cpu,h94/IP-Adapter,018e402774aeeddd60609b4ecdb7e298259dc729,ok,,
508187805990d2bea40bf46555743729be8a5a33e2d957a89ec4fe87a72f50fd,EXP-010,C4,ip-adapter,none,0.0,42,512,512,R4,35,0.263154,1.0,508187805990d2bea40bf46555743729be8a5a33e2d957a89ec4fe87a72f50fd,False,cpu,h94/IP-Adapter,018e402774aeeddd60609b4ecdb7e298259dc729,ok,,
8c12c88af5d948a08b52795b0ba0426732e19143e0ecfaf95d08438dd3ecda81,EXP-010,C4,ip-adapter,none,0.0,1337,512,512,R4,32,0.266754,1.0,8c12c88af5d948a08b52795b0ba0426732e19143e0ecfaf95d08438dd3ecda81,False,cpu,h94/IP-Adapter,018e402774aeeddd60609b4ecdb7e298259dc729,ok,,
f9a56e953419233e13c794317f23c7b6b0eb16684d3727c3797f9e6e20b8125f,EXP-010,C4,ip-adapter,none,0.0,2026,512,512,R4,33,0.271005,1.0,f9a56e953419233e13c794317f23c7b6b0eb16684d3727c3797f9e6e20b8125f,False,cpu,h94/IP-Adapter,018e402774aeeddd60609b4ecdb7e298259dc729,ok,,
51d81e74df6f5b48710e211adbbb62f40e68f2f45305233002e650c292513ac3,EXP-010,C1,text-only,none,,42,512,1536,,,,1.0,51d81e74df6f5b48710e211adbbb62f40e68f2f45305233002e650c292513ac3,False,cpu,h94/IP-Adapter,018e402774aeeddd60609b4ecdb7e298259dc729,ok,,
7fdbcfeb5beffbe5b9a05057108e0cb81efe4076b68fe1dee5b6e209342525ec,EXP-010,C1,text-only,none,,1337,512,1536,,,,1.0,7fdbcfeb5beffbe5b9a05057108e0cb81efe4076b68fe1dee5b6e209342525ec,False,cpu,h94/IP-Adapter,018e402774aeeddd60609b4ecdb7e298259dc729,ok,,
f06104de32b8cc3eaaf16729dc51ecaa4eeae17687364213e33f34d173cff429,EXP-010,C1,text-only,none,,2026,512,1536,,,,1.0,f06104de32b8cc3eaaf16729dc51ecaa4eeae17687364213e33f34d173cff429,False,cpu,h94/IP-Adapter,018e402774aeeddd60609b4ecdb7e298259dc729,ok,,
b0be01e9cf60241e8d0f182aff1b7b0818afc912e46577d5e4b4d908d84a6425,EXP-010,C2,text-only,none,,42,512,1536,,,,1.0,b0be01e9cf60241e8d0f182aff1b7b0818afc912e46577d5e4b4d908d84a6425,False,cpu,h94/IP-Adapter,018e402774aeeddd60609b4ecdb7e298259dc729,ok,,
a52416a6724c18cb9229c2878e704b6613abaad744ce212c18bd3b01e06da26a,EXP-010,C2,text-only,none,,1337,512,1536,,,,1.0,a52416a6724c18cb9229c2878e704b6613abaad744ce212c18bd3b01e06da26a,False,cpu,h94/IP-Adapter,018e402774aeeddd60609b4ecdb7e298259dc729,ok,,
288733717d1ee70e137befebd08a219c510a9fabf1bec76af41ff6780307e3f4,EXP-010,C2,text-only,none,,2026,512,1536,,,,1.0,288733717d1ee70e137befebd08a219c510a9fabf1bec76af41ff6780307e3f4,False,cpu,h94/IP-Adapter,018e402774aeeddd60609b4ecdb7e298259dc729,ok,,
e719061e278a3a15f9b95fc0c0c97927cbee68228112b83042620c14095a103e,EXP-010,C4,text-only,none,,42,512,1536,,,,1.0,e719061e278a3a15f9b95fc0c0c97927cbee68228112b83042620c14095a103e,False,cpu,h94/IP-Adapter,018e402774aeeddd60609b4ecdb7e298259dc729,ok,,
35df70f05c2f9f1ed0ae2a49b1d5f6a4e58e68c72330d1353da5da43610c3056,EXP-010,C4,text-only,none,,1337,512,1536,,,,1.0,35df70f05c2f9f1ed0ae2a49b1d5f6a4e58e68c72330d1353da5da43610c3056,False,cpu,h94/IP-Adapter,018e402774aeeddd60609b4ecdb7e298259dc729,ok,,
92db452060df060979162abcfe08f2a3460e2332365afe29eab0a84bef6a3178,EXP-010,C4,text-only,none,,2026,512,1536,,,,1.0,92db452060df060979162abcfe08f2a3460e2332365afe29eab0a84bef6a3178,False,cpu,h94/IP-Adapter,018e402774aeeddd60609b4ecdb7e298259dc729,ok,,
cee27050f45b5ab6bbbdad05dc9f2146b202377e64261840d553b1c61fe9c5af,EXP-010,C1,text-only,none,,42,512,512,,,,1.0,cee27050f45b5ab6bbbdad05dc9f2146b202377e64261840d553b1c61fe9c5af,False,cpu,h94/IP-Adapter,018e402774aeeddd60609b4ecdb7e298259dc729,ok,,
3700558a0617e3ae6235dda874ffe35bd4bcd283453906119e5b8e142a611dda,EXP-010,C1,text-only,none,,1337,512,512,,,,1.0,3700558a0617e3ae6235dda874ffe35bd4bcd283453906119e5b8e142a611dda,False,cpu,h94/IP-Adapter,018e402774aeeddd60609b4ecdb7e298259dc729,ok,,
bdd8c131c8b17a9d414139aae0e5853a8edd372ca82b13f6a38fe699ec1bce7e,EXP-010,C1,text-only,none,,2026,512,512,,,,1.0,bdd8c131c8b17a9d414139aae0e5853a8edd372ca82b13f6a38fe699ec1bce7e,False,cpu,h94/IP-Adapter,018e402774aeeddd60609b4ecdb7e298259dc729,ok,,
f003da95ec7cb6460fa5444ad8ab78155a524cb93392ef0f3c4d5b2150a3b9cc,EXP-010,C2,text-only,none,,42,512,512,,,,1.0,f003da95ec7cb6460fa5444ad8ab78155a524cb93392ef0f3c4d5b2150a3b9cc,False,cpu,h94/IP-Adapter,018e402774aeeddd60609b4ecdb7e298259dc729,ok,,
1ff00b4e4febfc9bc48c70573a80f1ab8edf8b751960fae274be497030b38f5b,EXP-010,C2,text-only,none,,1337,512,512,,,,1.0,1ff00b4e4febfc9bc48c70573a80f1ab8edf8b751960fae274be497030b38f5b,False,cpu,h94/IP-Adapter,018e402774aeeddd60609b4ecdb7e298259dc729,ok,,
fe73e9ca27613198a8142cfc06ac07e5b90f77dbfeab465ca63354a9c9865d5a,EXP-010,C2,text-only,none,,2026,512,512,,,,1.0,fe73e9ca27613198a8142cfc06ac07e5b90f77dbfeab465ca63354a9c9865d5a,False,cpu,h94/IP-Adapter,018e402774aeeddd60609b4ecdb7e298259dc729,ok,,
7f65ab15a171c3cc8e99e8bb96de32af3420082b194727e84101616fd9e8c41c,EXP-010,C3,text-only,none,,42,512,512,,,,1.0,7f65ab15a171c3cc8e99e8bb96de32af3420082b194727e84101616fd9e8c41c,False,cpu,h94/IP-Adapter,018e402774aeeddd60609b4ecdb7e298259dc729,ok,,
e3a150b2f5ad2b98c7bb27c0b5686a2bd2890b1fff8e75437324c0700b856b68,EXP-010,C3,text-only,none,,1337,512,512,,,,1.0,e3a150b2f5ad2b98c7bb27c0b5686a2bd2890b1fff8e75437324c0700b856b68,False,cpu,h94/IP-Adapter,018e402774aeeddd60609b4ecdb7e298259dc729,ok,,
b9f0ce46bea516e1445c19d5c299848347e7cf3ae822299c98de56435b8eab88,EXP-010,C3,text-only,none,,2026,512,512,,,,1.0,b9f0ce46bea516e1445c19d5c299848347e7cf3ae822299c98de56435b8eab88,False,cpu,h94/IP-Adapter,018e402774aeeddd60609b4ecdb7e298259dc729,ok,,
508187805990d2bea40bf46555743729be8a5a33e2d957a89ec4fe87a72f50fd,EXP-010,C4,text-only,none,,42,512,512,,,,1.0,508187805990d2bea40bf46555743729be8a5a33e2d957a89ec4fe87a72f50fd,False,cpu,h94/IP-Adapter,018e402774aeeddd60609b4ecdb7e298259dc729,ok,,
8c12c88af5d948a08b52795b0ba0426732e19143e0ecfaf95d08438dd3ecda81,EXP-010,C4,text-only,none,,1337,512,512,,,,1.0,8c12c88af5d948a08b52795b0ba0426732e19143e0ecfaf95d08438dd3ecda81,False,cpu,h94/IP-Adapter,018e402774aeeddd60609b4ecdb7e298259dc729,ok,,
f9a56e953419233e13c794317f23c7b6b0eb16684d3727c3797f9e6e20b8125f,EXP-010,C4,text-only,none,,2026,512,512,,,,1.0,f9a56e953419233e13c794317f23c7b6b0eb16684d3727c3797f9e6e20b8125f,False,cpu,h94/IP-Adapter,018e402774aeeddd60609b4ecdb7e298259dc729,ok,,
953722914a24bf2f4682fc997930c60e310e558d4741f9993d26c7544aac19f1,EXP-011,C5,img2img,weak,0.85,42,512,512,R3,33,0.209178,0.332445,f003da95ec7cb6460fa5444ad8ab78155a524cb93392ef0f3c4d5b2150a3b9cc,False,cpu,h94/IP-Adapter,018e402774aeeddd60609b4ecdb7e298259dc729,ok,,
a03b4027b3c831932050f3f54b5db7d3ec8e31803512b4bfe136b15168533f35,EXP-011,C5,img2img,weak,0.85,1337,512,512,R3,29,0.17945,0.370751,1ff00b4e4febfc9bc48c70573a80f1ab8edf8b751960fae274be497030b38f5b,False,cpu,h94/IP-Adapter,018e402774aeeddd60609b4ecdb7e298259dc729,ok,,
74eebeaae446ba9999c8807fc4c87cda56582f40c9862c66a4779797ab7e330a,EXP-011,C5,img2img,weak,0.85,2026,512,512,R3,30,0.224796,0.471062,fe73e9ca27613198a8142cfc06ac07e5b90f77dbfeab465ca63354a9c9865d5a,False,cpu,h94/IP-Adapter,018e402774aeeddd60609b4ecdb7e298259dc729,ok,,
810eb42373682248f1fa6c2fb567259c46f5de373d2fdf14afb47c91ef0a620c,EXP-011,C6,img2img,weak,0.85,42,512,512,R5,32,0.166312,0.553498,cee27050f45b5ab6bbbdad05dc9f2146b202377e64261840d553b1c61fe9c5af,False,cpu,h94/IP-Adapter,018e402774aeeddd60609b4ecdb7e298259dc729,ok,,
307e20a67969f8496005afd76ab3f6d94f93b128693659b0257eb8d5d19acd98,EXP-011,C6,img2img,weak,0.85,1337,512,512,R5,23,0.20719,0.530292,3700558a0617e3ae6235dda874ffe35bd4bcd283453906119e5b8e142a611dda,False,cpu,h94/IP-Adapter,018e402774aeeddd60609b4ecdb7e298259dc729,ok,,
7d3e21842cd2d36bce8ca3d8433c17210ebabdad135ee7ebc69c3e35660dd13a,EXP-011,C6,img2img,weak,0.85,2026,512,512,R5,30,0.171763,0.578505,bdd8c131c8b17a9d414139aae0e5853a8edd372ca82b13f6a38fe699ec1bce7e,False,cpu,h94/IP-Adapter,018e402774aeeddd60609b4ecdb7e298259dc729,ok,,
9feb66cd177ab2ced30b602e5660dc0a09514a44e4a5bfcf140fc081d2302f3c,EXP-011,C5,img2img,medium,0.65,42,512,512,R3,31,0.362328,0.412086,f003da95ec7cb6460fa5444ad8ab78155a524cb93392ef0f3c4d5b2150a3b9cc,False,cpu,h94/IP-Adapter,018e402774aeeddd60609b4ecdb7e298259dc729,ok,,
f348c4413583aa706ff4ae1dcf23333843d74b6cdd2994d5b2b50dda8107bb67,EXP-011,C5,img2img,medium,0.65,1337,512,512,R3,24,0.340572,0.45174,1ff00b4e4febfc9bc48c70573a80f1ab8edf8b751960fae274be497030b38f5b,False,cpu,h94/IP-Adapter,018e402774aeeddd60609b4ecdb7e298259dc729,ok,,
03970a7e5af66061547c4b20d38d2e64c528760eeb9b82289d52c1688054a691,EXP-011,C5,img2img,medium,0.65,2026,512,512,R3,21,0.265289,0.456392,fe73e9ca27613198a8142cfc06ac07e5b90f77dbfeab465ca63354a9c9865d5a,False,cpu,h94/IP-Adapter,018e402774aeeddd60609b4ecdb7e298259dc729,ok,,
aed0119a7111dec21007c55b105b4b370f5680e8a1431f8b89ec9c110e492c30,EXP-011,C6,img2img,medium,0.65,42,512,512,R5,25,0.266472,0.357175,cee27050f45b5ab6bbbdad05dc9f2146b202377e64261840d553b1c61fe9c5af,False,cpu,h94/IP-Adapter,018e402774aeeddd60609b4ecdb7e298259dc729,ok,,
d56b65cc8c4004846dcd362ecbe3d8870ec4c7716beb456e5b2528910b8f3cac,EXP-011,C6,img2img,medium,0.65,1337,512,512,R5,20,0.240596,0.452462,3700558a0617e3ae6235dda874ffe35bd4bcd283453906119e5b8e142a611dda,False,cpu,h94/IP-Adapter,018e402774aeeddd60609b4ecdb7e298259dc729,ok,,
eb9aaab2b7e445465de9187d69a64814f685b9035523719842604317f3393cf7,EXP-011,C6,img2img,medium,0.65,2026,512,512,R5,24,0.49866,0.2627,bdd8c131c8b17a9d414139aae0e5853a8edd372ca82b13f6a38fe699ec1bce7e,False,cpu,h94/IP-Adapter,018e402774aeeddd60609b4ecdb7e298259dc729,ok,,
2fb93ee314c24861bdf85a4c0b56d61c51b5b62055d87429aa3e4f5052bc0e79,EXP-011,C5,img2img,strong,0.4,42,512,512,R3,22,0.512872,0.270951,f003da95ec7cb6460fa5444ad8ab78155a524cb93392ef0f3c4d5b2150a3b9cc,False,cpu,h94/IP-Adapter,018e402774aeeddd60609b4ecdb7e298259dc729,ok,,
24ea7383024e1d0985c96b73a1f1e42e9115c3a237ec3acceeb50f5a42a90573,EXP-011,C5,img2img,strong,0.4,1337,512,512,R3,16,0.466172,0.420904,1ff00b4e4febfc9bc48c70573a80f1ab8edf8b751960fae274be497030b38f5b,False,cpu,h94/IP-Adapter,018e402774aeeddd60609b4ecdb7e298259dc729,ok,,
c617779ccd5c182aad4bce4a8ea7dc6ef9796db0e6863703231841d2ac5c62d9,EXP-011,C5,img2img,strong,0.4,2026,512,512,R3,19,0.396134,0.404257,fe73e9ca27613198a8142cfc06ac07e5b90f77dbfeab465ca63354a9c9865d5a,False,cpu,h94/IP-Adapter,018e402774aeeddd60609b4ecdb7e298259dc729,ok,,
6f7a0e9fa0a5c9ce679e0948dc7d87765c1ee33d6824e1e56aae37fb6fcee7d2,EXP-011,C6,img2img,strong,0.4,42,512,512,R5,21,0.752768,0.237514,cee27050f45b5ab6bbbdad05dc9f2146b202377e64261840d553b1c61fe9c5af,False,cpu,h94/IP-Adapter,018e402774aeeddd60609b4ecdb7e298259dc729,ok,,
16d90d1383c927fe8ea4e80d13a6af182aad0632523b0e9414104b7ef035ac55,EXP-011,C6,img2img,strong,0.4,1337,512,512,R5,23,0.752853,0.218059,3700558a0617e3ae6235dda874ffe35bd4bcd283453906119e5b8e142a611dda,False,cpu,h94/IP-Adapter,018e402774aeeddd60609b4ecdb7e298259dc729,ok,,
2d055203244e69c0586be0b2848f0e440c30d7e259ba5679c6cc9a7d4f2125dc,EXP-011,C6,img2img,strong,0.4,2026,512,512,R5,25,0.796183,0.153654,bdd8c131c8b17a9d414139aae0e5853a8edd372ca82b13f6a38fe699ec1bce7e,False,cpu,h94/IP-Adapter,018e402774aeeddd60609b4ecdb7e298259dc729,ok,,
511069f3111f14effbd0718b1490b1648a4823c1fc7914f32d84e41abd72b656,EXP-011,C5,ip-adapter,weak,0.25,42,512,512,R3,37,0.273685,0.546465,f003da95ec7cb6460fa5444ad8ab78155a524cb93392ef0f3c4d5b2150a3b9cc,False,cpu,h94/IP-Adapter,018e402774aeeddd60609b4ecdb7e298259dc729,ok,,
1f4d50c61dd48b722a8489b024573adc84aadd9b2563188951f52eb5ae839fda,EXP-011,C5,ip-adapter,weak,0.25,1337,512,512,R3,32,0.337364,0.529844,1ff00b4e4febfc9bc48c70573a80f1ab8edf8b751960fae274be497030b38f5b,False,cpu,h94/IP-Adapter,018e402774aeeddd60609b4ecdb7e298259dc729,ok,,
13d89555804883cec4779203594384a84f3133e03fc5c8fc958835985ededdc4,EXP-011,C5,ip-adapter,weak,0.25,2026,512,512,R3,36,0.23929,0.534622,fe73e9ca27613198a8142cfc06ac07e5b90f77dbfeab465ca63354a9c9865d5a,False,cpu,h94/IP-Adapter,018e402774aeeddd60609b4ecdb7e298259dc729,ok,,
caf73029a3d5464c4e514aeaee7f282861b25847da9dff6c02f620c58759b356,EXP-011,C6,ip-adapter,weak,0.25,42,512,512,R5,29,0.207882,0.744071,cee27050f45b5ab6bbbdad05dc9f2146b202377e64261840d553b1c61fe9c5af,False,cpu,h94/IP-Adapter,018e402774aeeddd60609b4ecdb7e298259dc729,ok,,
ae118aa22c2a19fd80e3e9e38ea0f8ad16e2389418e11df9795df20bcae71658,EXP-011,C6,ip-adapter,weak,0.25,1337,512,512,R5,33,0.163516,0.76853,3700558a0617e3ae6235dda874ffe35bd4bcd283453906119e5b8e142a611dda,False,cpu,h94/IP-Adapter,018e402774aeeddd60609b4ecdb7e298259dc729,ok,,
04b6f6b369a2b503a4ae89e6ed45c97ea8698c49532543ad52160d00cdf32a75,EXP-011,C6,ip-adapter,weak,0.25,2026,512,512,R5,35,0.177357,0.664487,bdd8c131c8b17a9d414139aae0e5853a8edd372ca82b13f6a38fe699ec1bce7e,False,cpu,h94/IP-Adapter,018e402774aeeddd60609b4ecdb7e298259dc729,ok,,
00fb1b78a96e503b34254e20d2ec86059f527be6d8193b77bc803481f086a233,EXP-011,C5,ip-adapter,medium,0.55,42,512,512,R3,36,0.755482,0.396196,f003da95ec7cb6460fa5444ad8ab78155a524cb93392ef0f3c4d5b2150a3b9cc,False,cpu,h94/IP-Adapter,018e402774aeeddd60609b4ecdb7e298259dc729,ok,,
928efad4bb5edded15b59d369c20cfb5afb8362b0a9e4b850069017f94f4b602,EXP-011,C5,ip-adapter,medium,0.55,1337,512,512,R3,28,0.74061,0.197624,1ff00b4e4febfc9bc48c70573a80f1ab8edf8b751960fae274be497030b38f5b,False,cpu,h94/IP-Adapter,018e402774aeeddd60609b4ecdb7e298259dc729,ok,,
137fc2b4ce3d136555a77ff48aefa9b6332138ce2c471a1189d55bc93de1fbf5,EXP-011,C5,ip-adapter,medium,0.55,2026,512,512,R3,39,0.602288,0.355979,fe73e9ca27613198a8142cfc06ac07e5b90f77dbfeab465ca63354a9c9865d5a,False,cpu,h94/IP-Adapter,018e402774aeeddd60609b4ecdb7e298259dc729,ok,,
be5488bbc649d2997b7879acc8588da6daf2a9668c3f62fa1868d7dcbf68fdb3,EXP-011,C6,ip-adapter,medium,0.55,42,512,512,R5,26,0.385769,0.483608,cee27050f45b5ab6bbbdad05dc9f2146b202377e64261840d553b1c61fe9c5af,False,cpu,h94/IP-Adapter,018e402774aeeddd60609b4ecdb7e298259dc729,ok,,
bda43f85be43ec02c6c3f3af24279eeffcb2167f73fe9e1b8adfccc5e0033fed,EXP-011,C6,ip-adapter,medium,0.55,1337,512,512,R5,34,0.501514,0.283323,3700558a0617e3ae6235dda874ffe35bd4bcd283453906119e5b8e142a611dda,False,cpu,h94/IP-Adapter,018e402774aeeddd60609b4ecdb7e298259dc729,ok,,
8deb55a5029497cb144f8a8598b4b4212c9552140eb4e5c78ae60afd027366f7,EXP-011,C6,ip-adapter,medium,0.55,2026,512,512,R5,27,0.350964,0.356853,bdd8c131c8b17a9d414139aae0e5853a8edd372ca82b13f6a38fe699ec1bce7e,False,cpu,h94/IP-Adapter,018e402774aeeddd60609b4ecdb7e298259dc729,ok,,
40f8b20f1b5dd128f13e4bcb7ebda4ec94c25283bdb2297b6d84501867c3ffaf,EXP-011,C5,ip-adapter,strong,0.85,42,512,512,R3,37,0.82973,0.228603,f003da95ec7cb6460fa5444ad8ab78155a524cb93392ef0f3c4d5b2150a3b9cc,False,cpu,h94/IP-Adapter,018e402774aeeddd60609b4ecdb7e298259dc729,ok,,
f8a0ef629cda2ffcd282616c549c8371fc57f0051d7f56c6c74d6d4fbb3e838d,EXP-011,C5,ip-adapter,strong,0.85,1337,512,512,R3,33,0.772334,0.231348,1ff00b4e4febfc9bc48c70573a80f1ab8edf8b751960fae274be497030b38f5b,False,cpu,h94/IP-Adapter,018e402774aeeddd60609b4ecdb7e298259dc729,ok,,
94805982fda5fd9fda72e5b2d31ce7ab0e2d423951f94febf87cf2e2ff35bb88,EXP-011,C5,ip-adapter,strong,0.85,2026,512,512,R3,38,0.862826,0.199141,fe73e9ca27613198a8142cfc06ac07e5b90f77dbfeab465ca63354a9c9865d5a,False,cpu,h94/IP-Adapter,018e402774aeeddd60609b4ecdb7e298259dc729,ok,,
91643e196cf1d52e4c5ea15d464f550b0fbc726f0fddd40a9c02dfef4166630b,EXP-011,C6,ip-adapter,strong,0.85,42,512,512,R5,26,0.484457,0.305004,cee27050f45b5ab6bbbdad05dc9f2146b202377e64261840d553b1c61fe9c5af,False,cpu,h94/IP-Adapter,018e402774aeeddd60609b4ecdb7e298259dc729,ok,,
d58389db8ff4402f2637fb1f5f89f5e0bfe3f3be2d865eca873d392d3b23190c,EXP-011,C6,ip-adapter,strong,0.85,1337,512,512,R5,31,0.509166,0.220778,3700558a0617e3ae6235dda874ffe35bd4bcd283453906119e5b8e142a611dda,False,cpu,h94/IP-Adapter,018e402774aeeddd60609b4ecdb7e298259dc729,ok,,
b31b2fb50261980b0331c3fafad5a5d714c401db5442f9ec264914401604e0e2,EXP-011,C6,ip-adapter,strong,0.85,2026,512,512,R5,33,0.308392,0.400983,bdd8c131c8b17a9d414139aae0e5853a8edd372ca82b13f6a38fe699ec1bce7e,False,cpu,h94/IP-Adapter,018e402774aeeddd60609b4ecdb7e298259dc729,ok,,
0f1175990b59bcc58a1a19288821bbc26eb3c8393b54ba8fc059d355aca302b8,EXP-012,C1,ip-adapter-plus,medium,0.55,42,512,512,R1,22,0.437098,0.308265,cee27050f45b5ab6bbbdad05dc9f2146b202377e64261840d553b1c61fe9c5af,False,cpu,h94/IP-Adapter,018e402774aeeddd60609b4ecdb7e298259dc729,ok,,
09988a7d1d532cc8f1f1849cde5418dd74f7c68490f418e556d6973bb6199dfc,EXP-012,C1,ip-adapter-plus,medium,0.55,1337,512,512,R1,26,0.338723,0.281615,3700558a0617e3ae6235dda874ffe35bd4bcd283453906119e5b8e142a611dda,False,cpu,h94/IP-Adapter,018e402774aeeddd60609b4ecdb7e298259dc729,ok,,
08064bb405d54ccb459f8345bd10e4b17bfea14dd4575f52d3a8dda022373730,EXP-012,C1,ip-adapter-plus,medium,0.55,2026,512,512,R1,39,0.335047,0.117154,bdd8c131c8b17a9d414139aae0e5853a8edd372ca82b13f6a38fe699ec1bce7e,False,cpu,h94/IP-Adapter,018e402774aeeddd60609b4ecdb7e298259dc729,ok,,
56b6d665da7e86c4a04976bac19e4015c59ead6c95a6ba5477c7fd02c2f68ec7,EXP-012,C2,ip-adapter-plus,medium,0.55,42,512,512,R2,23,0.722859,0.447884,f003da95ec7cb6460fa5444ad8ab78155a524cb93392ef0f3c4d5b2150a3b9cc,False,cpu,h94/IP-Adapter,018e402774aeeddd60609b4ecdb7e298259dc729,ok,,
4cad35992f723d53bdae45c6a01ef5939602b4e61d5f3a5f7838bf0beac3cb47,EXP-012,C2,ip-adapter-plus,medium,0.55,1337,512,512,R2,36,0.667429,0.411132,1ff00b4e4febfc9bc48c70573a80f1ab8edf8b751960fae274be497030b38f5b,False,cpu,h94/IP-Adapter,018e402774aeeddd60609b4ecdb7e298259dc729,ok,,
3d77b1cdcadedd44b6041218c0fa1784c66884533c44c1d4c7734e28675c8ae5,EXP-012,C2,ip-adapter-plus,medium,0.55,2026,512,512,R2,36,0.498672,0.50424,fe73e9ca27613198a8142cfc06ac07e5b90f77dbfeab465ca63354a9c9865d5a,False,cpu,h94/IP-Adapter,018e402774aeeddd60609b4ecdb7e298259dc729,ok,,
01edf799c95d3187089c3bffc2077bd7f8dbe930b6d1f4a2b88a8cefa789f839,EXP-012,C3,ip-adapter-plus,medium,0.55,42,512,512,R3,29,0.829792,0.36948,7f65ab15a171c3cc8e99e8bb96de32af3420082b194727e84101616fd9e8c41c,False,cpu,h94/IP-Adapter,018e402774aeeddd60609b4ecdb7e298259dc729,ok,,
9c511011979a4dea85d130c05ca5f5def2dea85f6ca3e3bda074811f4b07a821,EXP-012,C3,ip-adapter-plus,medium,0.55,1337,512,512,R3,27,0.797353,0.358382,e3a150b2f5ad2b98c7bb27c0b5686a2bd2890b1fff8e75437324c0700b856b68,False,cpu,h94/IP-Adapter,018e402774aeeddd60609b4ecdb7e298259dc729,ok,,
c153b857e1373d00842625f0a0b84e3f59c9daa867e46c54d275cf8a50096ca2,EXP-012,C3,ip-adapter-plus,medium,0.55,2026,512,512,R3,39,0.851742,0.371339,b9f0ce46bea516e1445c19d5c299848347e7cf3ae822299c98de56435b8eab88,False,cpu,h94/IP-Adapter,018e402774aeeddd60609b4ecdb7e298259dc729,ok,,
1fa0b4952dc556190490b5ed2dff7fa609e39817dd18ab6991ef3402387fa025,EXP-012,C4,ip-adapter-plus,medium,0.55,42,512,512,R4,33,0.652429,0.34434,508187805990d2bea40bf46555743729be8a5a33e2d957a89ec4fe87a72f50fd,False,cpu,h94/IP-Adapter,018e402774aeeddd60609b4ecdb7e298259dc729,ok,,
5d3ff837af3e1a6ab683c68b603893807dbc608187ec0034192b585df463f83c,EXP-012,C4,ip-adapter-plus,medium,0.55,1337,512,512,R4,30,0.760003,0.311338,8c12c88af5d948a08b52795b0ba0426732e19143e0ecfaf95d08438dd3ecda81,False,cpu,h94/IP-Adapter,018e402774aeeddd60609b4ecdb7e298259dc729,ok,,
7af78212755442e3722995e83c613439ae700e0d59d51aa45c71a7cd298196e0,EXP-012,C4,ip-adapter-plus,medium,0.55,2026,512,512,R4,30,0.598902,0.384217,f9a56e953419233e13c794317f23c7b6b0eb16684d3727c3797f9e6e20b8125f,False,cpu,h94/IP-Adapter,018e402774aeeddd60609b4ecdb7e298259dc729,ok,,
70ac7df0555ba1d1e113ba054fee9094920ee79f5c2ece5370a49dfc3a459a08,EXP-013,C1,img2img,medium,0.65,42,512,1536,R1,37,0.178766,0.516888,51d81e74df6f5b48710e211adbbb62f40e68f2f45305233002e650c292513ac3,False,cpu,h94/IP-Adapter,018e402774aeeddd60609b4ecdb7e298259dc729,ok,,
b4bcc44242279768c20a71f2a792fff4de49c5c59b11f94b58df438d39f5dc8e,EXP-013,C1,img2img,medium,0.65,1337,512,1536,R1,28,0.176436,0.467507,7fdbcfeb5beffbe5b9a05057108e0cb81efe4076b68fe1dee5b6e209342525ec,False,cpu,h94/IP-Adapter,018e402774aeeddd60609b4ecdb7e298259dc729,ok,,
fa8750a837522bc925b3c70ab6f0893c0b2ff9a00eb31315800f3a625f279042,EXP-013,C1,img2img,medium,0.65,2026,512,1536,R1,26,0.205479,0.589798,f06104de32b8cc3eaaf16729dc51ecaa4eeae17687364213e33f34d173cff429,False,cpu,h94/IP-Adapter,018e402774aeeddd60609b4ecdb7e298259dc729,ok,,
1b9ad2b71aab1775f77e4c300f3865413d0caac6437ae0fc1250e4611d60a7f4,EXP-013,C2,img2img,medium,0.65,42,512,1536,R2,3,0.823158,0.388306,b0be01e9cf60241e8d0f182aff1b7b0818afc912e46577d5e4b4d908d84a6425,True,cpu,h94/IP-Adapter,018e402774aeeddd60609b4ecdb7e298259dc729,ok,,
941a03d9ce9ecc44bfc376f1d3a55f5262fd347c8a7d40693ffb25f555e75b6c,EXP-013,C2,img2img,medium,0.65,1337,512,1536,R2,5,0.810053,0.400831,a52416a6724c18cb9229c2878e704b6613abaad744ce212c18bd3b01e06da26a,True,cpu,h94/IP-Adapter,018e402774aeeddd60609b4ecdb7e298259dc729,ok,,
dcd00e7b8a62c244a9fc060424299f5dfbdf28421e91279dc58c39366d1f4094,EXP-013,C2,img2img,medium,0.65,2026,512,1536,R2,5,0.799198,0.460987,288733717d1ee70e137befebd08a219c510a9fabf1bec76af41ff6780307e3f4,True,cpu,h94/IP-Adapter,018e402774aeeddd60609b4ecdb7e298259dc729,ok,,
458ba9df804512f3e32856b3af105af95df6b9c46b6829707722c542d6baf2dc,EXP-013,C4,img2img,medium,0.65,42,512,1536,R4,1,0.86166,0.380138,e719061e278a3a15f9b95fc0c0c97927cbee68228112b83042620c14095a103e,True,cpu,h94/IP-Adapter,018e402774aeeddd60609b4ecdb7e298259dc729,ok,,
5ae6c68d13812a8a237ef7e77bd1130fed2e9fba1f77872de6fc37ebdea36f87,EXP-013,C4,img2img,medium,0.65,1337,512,1536,R4,0,0.891022,0.335012,35df70f05c2f9f1ed0ae2a49b1d5f6a4e58e68c72330d1353da5da43610c3056,True,cpu,h94/IP-Adapter,018e402774aeeddd60609b4ecdb7e298259dc729,ok,,
aa6eeef4a58fcf649e1deb60056218b8b21b32f09f14547e18b8c56e09d08028,EXP-013,C4,img2img,medium,0.65,2026,512,1536,R4,0,0.897787,0.33858,92db452060df060979162abcfe08f2a3460e2332365afe29eab0a84bef6a3178,True,cpu,h94/IP-Adapter,018e402774aeeddd60609b4ecdb7e298259dc729,ok,,
23749ead2ff54c49ab3458f0ff998aede8920d4ba9a4059c7cf55ea42e1db23d,EXP-013,C1,ip-adapter,medium,0.55,42,512,1536,R1,45,0.274744,0.590518,51d81e74df6f5b48710e211adbbb62f40e68f2f45305233002e650c292513ac3,False,cpu,h94/IP-Adapter,018e402774aeeddd60609b4ecdb7e298259dc729,ok,,
544d1911ecde6b0ccad6bdb51a5703a5fc85ca0f7c9806945b94650f3c80ef8d,EXP-013,C1,ip-adapter,medium,0.55,1337,512,1536,R1,44,0.409433,0.501396,7fdbcfeb5beffbe5b9a05057108e0cb81efe4076b68fe1dee5b6e209342525ec,False,cpu,h94/IP-Adapter,018e402774aeeddd60609b4ecdb7e298259dc729,ok,,
62935789bf61481e99d165bdd12b18f82b161969d46a1c2d24a3820b8287861f,EXP-013,C1,ip-adapter,medium,0.55,2026,512,1536,R1,33,0.295008,0.511011,f06104de32b8cc3eaaf16729dc51ecaa4eeae17687364213e33f34d173cff429,False,cpu,h94/IP-Adapter,018e402774aeeddd60609b4ecdb7e298259dc729,ok,,
f3694414f876550648b17b0836bd36d52ad6a45f7e34981de9c677f378b6816c,EXP-013,C2,ip-adapter,medium,0.55,42,512,1536,R2,34,0.684113,0.438348,b0be01e9cf60241e8d0f182aff1b7b0818afc912e46577d5e4b4d908d84a6425,False,cpu,h94/IP-Adapter,018e402774aeeddd60609b4ecdb7e298259dc729,ok,,
f3f920f53e923e21507d8b62b157d797bfd901c0ca9e231f0ad805f74fab8b2f,EXP-013,C2,ip-adapter,medium,0.55,1337,512,1536,R2,31,0.683862,0.370084,a52416a6724c18cb9229c2878e704b6613abaad744ce212c18bd3b01e06da26a,False,cpu,h94/IP-Adapter,018e402774aeeddd60609b4ecdb7e298259dc729,ok,,
92c3b979643f9865e1cfd4ddba2efce36866a829c6c5e0f4173cf1ccbf63a5e5,EXP-013,C2,ip-adapter,medium,0.55,2026,512,1536,R2,27,0.668244,0.445271,288733717d1ee70e137befebd08a219c510a9fabf1bec76af41ff6780307e3f4,False,cpu,h94/IP-Adapter,018e402774aeeddd60609b4ecdb7e298259dc729,ok,,
3f8c6bf72af0a51f9e910b17d10500fbc1aa3cf56b99c537918ab1a6e8bd0beb,EXP-013,C4,ip-adapter,medium,0.55,42,512,1536,R4,32,0.776085,0.404674,e719061e278a3a15f9b95fc0c0c97927cbee68228112b83042620c14095a103e,False,cpu,h94/IP-Adapter,018e402774aeeddd60609b4ecdb7e298259dc729,ok,,
a48be6059a36d65cfb5fa7ab8b2920ed4d8551a7acb5ff2b495aac67199e1ec3,EXP-013,C4,ip-adapter,medium,0.55,1337,512,1536,R4,30,0.772757,0.41699,35df70f05c2f9f1ed0ae2a49b1d5f6a4e58e68c72330d1353da5da43610c3056,False,cpu,h94/IP-Adapter,018e402774aeeddd60609b4ecdb7e298259dc729,ok,,
cd1d23b14b6c7fa3f9ce646fb16b618ed39ace40466c9893d5476fc17eb0709c,EXP-013,C4,ip-adapter,medium,0.55,2026,512,1536,R4,31,0.742353,0.438161,92db452060df060979162abcfe08f2a3460e2332365afe29eab0a84bef6a3178,False,cpu,h94/IP-Adapter,018e402774aeeddd60609b4ecdb7e298259dc729,ok,,
