id,date,prototype,research_question,hypothesis,dataset_version,model,config,rank,learning_rate,steps,batch_size,grad_accum,resolution,seed,gpu,peak_vram,duration,output_path,evaluation,conclusion,next_action,commit
EXP-001,2026-07-30,1,Environment gate: does PyTorch see CUDA on the audited GPU?,torch.cuda.is_available() is true on the RTX 4060 Laptop GPU and fp32/fp16 CUDA matmuls are numerically correct,n/a (no dataset),torch 2.13.0+cu126 (bundled CUDA runtime 12.6),isolated smoke test; fp32/fp16/bf16 matmul vs float32 CPU reference; 256x256,n/a (inference only),n/a (inference only),n/a,n/a (inference only),n/a (inference only),n/a,0 (fixed generator),"NVIDIA GeForce RTX 4060 Laptop GPU (sm_89, 8187.5 MiB)",8187.5 MiB total VRAM reported; usage not measured (trivial allocation),not measured (sub-second),docs/evidence/EXP-001/cuda-smoke-test.json,PASS (automated numeric check; no human scoring needed),"CUDA verified. Relative error 6.32e-07 fp32, 5.22e-04 fp16, 4.28e-03 bf16, all within tolerance. bf16 works, so it is available as a documented fp16 fallback. Driver is 610.88, NOT the 610.74 in the 2026-07-27 audit; it was updated in between. The wheel's bundled CUDA 12.6 runs correctly on a driver advertising CUDA 13.3, confirming nvidia-smi reports the driver's maximum supported API rather than a toolkit PyTorch must match.","Proceed to the smallest-model smoke test, then the benchmark",1d51ccc
EXP-002,2026-07-30,1,"RQ2: is SD 1.5 feasible on 8 GB VRAM, and at what cost?",SD 1.5-class at 512 px runs comfortably within 8 GB,n/a (base model; no fine-tuning),stable-diffusion-v1-5/stable-diffusion-v1-5 @ 451f4fe16113bff5a5d2269ed5ad43b0592e9a14,fp16; DPMSolverMultistepScheduler; guidance 7.5; memory tier 0; safety checker present but disabled; frozen kit c40749bc,n/a (inference only),n/a (inference only),30,1,n/a (inference only),Track A 512x512; probe 512x768,42; 1337; 2026,"NVIDIA GeForce RTX 4060 Laptop GPU (sm_89, 8187.5 MiB)",512x512: 2675.38 MiB allocated / 3246 MiB reserved / 4359.5 MiB device. 512x768: 2979.33 / 3864 / 4977.5 MiB,512x512 median 4.069 s (min 4.037; max 5.169); 512x768 median 6.811 s (min 6.557; max 7.15); load 7.95 s,docs/evidence/EXP-002/; images in git-ignored outputs/EXP-002/,"Human aggregate scores (1-5). Track A 512x512: prompt_adherence 3, style_consistency 3, visual_quality 4, decal_suitability 3, composition 3, artefacts 4, originality 3. Track B native 512x512: identical (3/3/4/3/3/4/3). Scored by Kylian at aggregate model/track level from complete contact-sheet rows, not per unit; per-unit cells are marked ""not individually scored"". reference_influence N/A (no reference image until Prototype 2); diversity_across_seeds NOT scored because the review sheets showed the fixed seed-42 comparison only - no value invented.","Feasible with large headroom: 30/30 runs succeeded at memory tier 0 using roughly a third of available VRAM, with no escalation and no failures. Factual observation for review, not a quality judgement: at its native 512 px this model predominantly produces photographic product mockups (decks on concrete, on wooden floors, mounted on doors, a sticker beside a potted plant) rather than flat printable artwork. This is resolution-dependent and NOT uniform across candidates - see EXP-004.",SELECTED as the base model for Prototypes 2-5 (DR-007). Proceed to Prototype 2 reference conditioning.,8829664
EXP-003,2026-07-30,1,RQ2: is SD 2.1 base feasible on 8 GB VRAM?,SD 2.1 base would run at 512 px slightly above SD 1.5 in memory use,n/a (base model),stabilityai/stable-diffusion-2-1-base,not reached - failed at revision resolution before any weights loaded,n/a (inference only),n/a (inference only),n/a (not reached),n/a (not reached),n/a (inference only),n/a (not reached),n/a (not reached),"NVIDIA GeForce RTX 4060 Laptop GPU (sm_89, 8187.5 MiB)",not measured (no generation attempted),not measured (no generation attempted),docs/evidence/EXP-003/blocked-gated-repository.md,n/a - nothing was generated to score,"BLOCKED, not failed on hardware. The repository returns HTTP 401, as do stabilityai/stable-diffusion-2-1 and -2-base, while SDXL from the same organisation returns 200: repository gating, not an outage. Per the approved plan Kylian was asked rather than authenticating or substituting a model, and chose to proceed with two candidates. Three alternatives were declined and recorded, including an ungated community mirror rejected because its fidelity cannot be verified while the original is gated.","Report as a limitation: the base-model decision rests on two measured candidates, and candidate B cannot be reproduced today without authentication",8829664
EXP-004,2026-07-30,1,RQ2: is SDXL feasible on 8 GB VRAM at 512 px and at its native 1024 px?,SDXL inference works with memory optimisations but is marginal on 8 GB,n/a (base model),stabilityai/stable-diffusion-xl-base-1.0 @ 462165984030d82259a11f4367a4eed129e94a7b,fp16; DPMSolverMultistepScheduler; guidance 7.5; memory tier 0; no safety checker shipped; frozen kit c40749bc,n/a (inference only),n/a (inference only),30,1,n/a (inference only),Track A 512x512; Track B 1024x1024 (native),42; 1337; 2026,"NVIDIA GeForce RTX 4060 Laptop GPU (sm_89, 8187.5 MiB)",512x512: 7859.26 MiB allocated / 9030 MiB reserved / 8187.5 MiB device / 2309.61 MiB RSS. 1024x1024: 10738.08 MiB allocated / 14510 MiB reserved / 8187.5 MiB device / 6806.57 MiB RSS,512x512 median 16.512 s (min 15.028; max 17.517); 1024x1024 median 118.733 s (min 118.122; max 127.538),docs/evidence/EXP-004/; images in git-ignored outputs/EXP-004/,"Human aggregate scores (1-5). Track A 512x512: 3/3/4/3/3/4/3 - IDENTICAL to SD 1.5 under the controlled condition. Track B native 1024x1024: prompt_adherence 4, style_consistency 5, visual_quality 5, decal_suitability 4, composition 4, artefacts 4, originality 3 - the visual-quality winner. Scored by Kylian at aggregate model/track level from complete contact-sheet rows, not per unit; per-unit cells are marked ""not individually scored"". reference_influence N/A (no reference image until Prototype 2); diversity_across_seeds NOT scored because the review sheets showed the fixed seed-42 comparison only - no value invented.","Does NOT fit in 8 GB at native resolution, despite 30/30 runs reporting success - a result that would be misread without the memory figures. At 1024x1024 peak allocated (10738 MiB) and reserved (14510 MiB) both exceed the 8187.5 MiB of physical VRAM: Windows WDDM spilled silently into shared host memory (RSS 6807 MiB) instead of raising a CUDA OOM, so no exception was thrown and memory-tier escalation never triggered. Cost is roughly 29x SD 1.5 per 512 px image and about 118 s per native image. Even at 512 px it saturates the whole device. Separate factual observation: at 512 px it yields deck-shaped panels, but at its native 1024 px it yields FLAT artwork with no mockup framing - so the literal-deck reading seen in EXP-002 is resolution-dependent, not a property of all candidates. Judging both models only at 512 px would have mis-described SDXL, which is a direct vindication of the two-track design.",NOT selected as the production base model (DR-007): quality advantage exists only at a resolution this 8 GB GPU cannot hold. Retained as the visual-quality benchmark; revisit if a >=16 GB GPU becomes available.,8829664
EXP-005,2026-07-30,1,RQ8: how should the ~1:3.6 deck aspect ratio be produced?,Direct tall generation degrades composition; generate-then-crop is more reliable,n/a (base model),stable-diffusion-v1-5/stable-diffusion-v1-5 @ 451f4fe16113bff5a5d2269ed5ad43b0592e9a14,fp16; DPMSolverMultistepScheduler; guidance 7.5; memory tier 0; one strategy per fresh process; frozen kit c40749bc,n/a (inference only),n/a (inference only),30,1,n/a (inference only),direct-1x1 512x512; direct-1x2 512x1024; direct-1x3 512x1536; square-crop 512x512 -> 170x512 usable,42; 1337; 2026,"NVIDIA GeForce RTX 4060 Laptop GPU (sm_89, 8187.5 MiB)","512x512 2675.38 MiB allocated; 512x1024 3283.69 MiB; 512x1536 3892.01 MiB; square-crop 2675.38 MiB (identical to 512x512, as expected)",512x512 median 4.111 s (spread 0.08); 512x1024 median 8.962 s (spread 0.09); 512x1536 median 15.244 s (spread 0.20); square-crop median 4.281 s (spread 0.53),docs/evidence/EXP-005/; images in git-ignored outputs/EXP-005/,"Human aggregate scores (visual_quality / decal_suitability / composition). direct-1x1 4/2/3; direct-1x2 4/4/4; direct-1x3 4/5/4 (SELECTED); square-crop 3/2/3 (REJECTED as main strategy). Scored per strategy row, not per unit. Student findings: 1x1 too square and sometimes reads as a mockup; 1x2 balanced but does not fully use the deck ratio; 1x3 directly produces a tall decal reliably at ~3892 MiB, though some repetition or vertical stretching remains possible and must be addressed in later prompt, reference-conditioning and LoRA experiments; square-crop rejected because ~170x512 usable is far below deck-print resolution.","24/24 runs succeeded at tier 0. The hypothesis appears REFUTED on the memory and reliability axes: direct 1:3 generation reached 512x1536 in 3892 MiB, under half the VRAM budget, with no failures. square-crop's real cost is resolution - a 1:3 strip from 512x512 leaves only 170x512 usable pixels, far below deck-print needs. 1:3 is a stated approximation of the true ~1:3.6 because dimensions must be multiples of 64. Composition quality itself is Kylian's to judge. This experiment also produced a measurement-methodology correction: the first run put all four geometries in one process, which contaminated the reserved and device VRAM figures and inflated square-crop to 7.96 s for provably identical work. Thermal throttling was tested and RULED OUT (a hotter, more throttled card ran the same work faster, at 4.10 s); the cause was in-process caching-allocator state, and re-running one strategy per process cut timing spread about 20x.",SELECTED strategy: direct 1:3 generation at 512x1536 (DR-007). Adopt one-configuration-per-process for all VRAM/timing measurement in Prototypes 3-5.,8829664
EXP-007,2026-08-01,2,"RQ6: does IP-Adapter load on the pinned SD 1.5 and attach to the UNet, and what does it cost in VRAM?",IP-Adapter loads at a pinned revision and adds roughly 1.2 GiB over bare SD 1.5,n/a (no dataset; frozen reference kit),stable-diffusion-v1-5/stable-diffusion-v1-5 @ 451f4fe16113bff5a5d2269ed5ad43b0592e9a14 + h94/IP-Adapter @ 018e402774aeeddd60609b4ecdb7e298259dc729 (ip-adapter_sd15.safetensors + models/image_encoder),HARD GATE. fp16; DPMSolverMultistep; guidance 7.5; 30 steps; tier 0; safety checker present but disabled; frozen kit c40749bc; condition C1; encoder pre-registered at the pinned revision because diffusers 0.39.0 does not forward revision to CLIPVisionModelWithProjection,n/a (inference only),n/a (inference only),30,1,n/a (inference only),512x512,42,"NVIDIA GeForce RTX 4060 Laptop GPU (sm_89, 8187.5 MiB)","text-only 2675.38 MiB allocated / 3246 reserved / 4359.5 device; ip-adapter 3924.07 / 4582 / 5695.5. Delta +1248.69 MiB allocated, identical to the post-load delta","text-only 3.282 s generate, 20.539 s load; ip-adapter 3.446 s generate, 104.145 s load INCLUDING the first-time 2453.8 MiB download","docs/evidence/EXP-007/ (adapter-environment-gate.md, gate-*.json); images in git-ignored outputs/EXP-007/",PASS (automated structural check; no human scoring needed),"Gate passed. 16 of 32 UNet attention processors are IPAdapterAttnProcessor2_0, read back from the live UNet rather than inferred from a call returning without error - the expected signature, since SD 1.5 has one self-attention and one cross-attention processor per block and IP-Adapter replaces the cross-attention half only. Both adapter and image encoder resolved at the pinned SHA. Measured cost +1248.69 MiB allocated, +0.164 s per image. Tier 0, no overflow.",Authorised EXP-008 through EXP-014; the pre-declared img2img-only fallback was not needed,9053c71
EXP-008,2026-08-01,2,"RQ6/RQ7: is img2img reference influence controllable via strength, and what does each level cost?",img2img couples reference influence to denoising strength and costs no extra VRAM,dataset v1 holdout (read-only) + seeded generator; references R1-R4,"stable-diffusion-v1-5/stable-diffusion-v1-5 @ 451f4fe16113bff5a5d2269ed5ad43b0592e9a14 via AutoPipelineForImage2Image.from_pipe (shared components, no reload)","Sweep strength {0.90,0.75,0.60,0.45,0.30} plus named levels {0.85,0.65,0.40} in ONE shared process; conditions C1-C4; reference centre-cropped to target aspect then LANCZOS to exactly WxH; fp16; tier 0; frozen kit c40749bc",n/a (inference only),n/a (inference only),30 nominal; int(30 x strength) effective,1,n/a (inference only),512x512,42; 1337; 2026,"NVIDIA GeForce RTX 4060 Laptop GPU (sm_89, 8187.5 MiB)","2675.38 MiB allocated at EVERY level - byte-identical to the bare SD 1.5 baseline, i.e. exactly zero extra VRAM. Process high-water marks 2958 reserved / 4071.5 device (not comparable between levels sharing a process)",median 3.021 s at strength 0.90 down to 1.208 s at 0.30; seconds per EFFECTIVE step flat at 0.1119-0.1343,docs/evidence/EXP-008/ (results/summary); images in git-ignored outputs/EXP-008/,"96/96 ok. Human aggregate scores per level in docs/evidence/EXP-015-scoring/human-scores.csv; e.g. strength 0.65 = prompt 3, style 4, reference 4, quality 4, decal 4, composition 4, artefacts 3, originality 3, diversity 3, copy risk 3","Controllable and monotone (6/6 conditions). The latency advantage is an artefact, not a speed-up: diffusers runs int(steps x strength) steps, so a stronger reference is also faster while per-effective-step cost stays flat. Costs literally zero extra VRAM. Usable mid-range confirmed at 0.6-0.65 (reference >= 3 and prompt >= 3).",Not selected as the primary method (see EXP-013 and DR-008); retained as the documented zero-extra-VRAM fallback,331c6aa
EXP-008b,2026-08-01,2,"Is the shared-process comparison across influence levels valid, or does the allocator contaminate it?",Per-run peak allocated VRAM is unaffected by sharing one process across levels,dataset v1 holdout (read-only); reference R1,stable-diffusion-v1-5/stable-diffusion-v1-5 @ 451f4fe16113bff5a5d2269ed5ad43b0592e9a14,"Clean-process spot check: weak/medium/strong re-run ONE LEVEL PER PROCESS at condition C1, seed 42, tier 0. 2 % tolerance PRE-DECLARED in ml/inference/reference_schema.py before any measurement",n/a (inference only),n/a (inference only),30 nominal,1,n/a (inference only),512x512,42,"NVIDIA GeForce RTX 4060 Laptop GPU (sm_89, 8187.5 MiB)","clean 2675.38 MiB at all three levels vs shared 2675.38 - delta +0.00 MiB, +0.000 %","31.33 s, 29.58 s, 26.56 s wall per process (load included)",docs/evidence/EXP-008b/; docs/evidence/prototype-2/process-isolation-check.md,3/3 within tolerance (automated comparison; no human scoring),"Shared-process comparison ACCEPTED for img2img. Recorded as a confirmation precisely because it could have come out the other way, as the EXP-005 allocator contamination did one milestone earlier.",No re-run one level per process was needed,331c6aa
EXP-009,2026-08-01,2,"RQ6/RQ7: is IP-Adapter reference influence controllable via scale, and what does each level cost?","IP-Adapter gives monotone, bounded control through an attention-side scale independent of output geometry",dataset v1 holdout (read-only) + seeded generator; references R1-R4,stable-diffusion-v1-5/stable-diffusion-v1-5 @ 451f4fe16113bff5a5d2269ed5ad43b0592e9a14 + h94/IP-Adapter @ 018e402774aeeddd60609b4ecdb7e298259dc729,"Sweep scale {0.20,0.40,0.60,0.80,1.00} plus named levels {0.25,0.55,0.85} in ONE shared process; conditions C1-C4; reference bounded to 1024 px long side then the pipeline's own 224 px CLIP centre-crop; OUTPUT GEOMETRY UNTOUCHED; fp16; tier 0",n/a (inference only),n/a (inference only),30,1,n/a (inference only),512x512,42; 1337; 2026,"NVIDIA GeForce RTX 4060 Laptop GPU (sm_89, 8187.5 MiB)",3924.07 MiB allocated at every level (+1248.69 over baseline). Process high-water marks 4582 reserved / 5695.5 device,median 3.328-3.514 s across all scales; seconds per effective step 0.1115-0.1171,docs/evidence/EXP-009/; images in git-ignored outputs/EXP-009/,"96/96 ok. Human aggregate scores per level; scale 0.55 = prompt 3, style 5, reference 4, quality 4, decal 4, composition 4, artefacts 3, originality 4, diversity 4, copy risk 4 - noted as the best overall balance in the supplied sheets","Controllable and monotone (6/6 conditions). Latency is flat across scales, unlike img2img, because the full 30-step schedule always runs. Usable mid-range confirmed at 0.40-0.60. No near-copy flag at any scale or geometry.","SELECTED as the primary reference-conditioning method for Prototypes 3-5 (DR-008), default scale 0.55",331c6aa
EXP-009b,2026-08-01,2,Is the IP-Adapter shared-process comparison across influence levels valid?,Per-run peak allocated VRAM is unaffected by sharing one process across levels,dataset v1 holdout (read-only); reference R1,stable-diffusion-v1-5/stable-diffusion-v1-5 @ 451f4fe16113bff5a5d2269ed5ad43b0592e9a14 + h94/IP-Adapter @ 018e402774aeeddd60609b4ecdb7e298259dc729,"Clean-process spot check: weak/medium/strong re-run ONE LEVEL PER PROCESS at condition C1, seed 42, tier 0; 2 % pre-declared tolerance",n/a (inference only),n/a (inference only),30,1,n/a (inference only),512x512,42,"NVIDIA GeForce RTX 4060 Laptop GPU (sm_89, 8187.5 MiB)","clean 3924.07 MiB at all three levels vs shared 3924.07 - delta +0.00 MiB, +0.000 %","29.72 s, 26.81 s, 25.17 s wall per process (load included)",docs/evidence/EXP-009b/; docs/evidence/prototype-2/process-isolation-check.md,3/3 within tolerance (automated comparison; no human scoring),"Shared-process comparison ACCEPTED for IP-Adapter. Combined with EXP-008b, 6 of 6 pairs agreed at +0.000 %, so no method needed re-running one level per process.",None; the sweep comparisons in EXP-008 and EXP-009 are valid as measured,331c6aa
EXP-010,2026-08-01,2,"Lower-bound diagnostic: does IP-Adapter at scale 0.0 reproduce the text-only baseline, and does that baseline reproduce Prototype 1's EXP-002?","At zero scale the cross-attention path contributes nothing, so the lower bound is the text-only baseline",dataset v1 holdout (read-only) + seeded generator; references R1-R4,"stable-diffusion-v1-5/stable-diffusion-v1-5 @ 451f4fe16113bff5a5d2269ed5ad43b0592e9a14 (text-only, no adapter and NO image encoder resident) and stable-diffusion-v1-5/stable-diffusion-v1-5 @ 451f4fe16113bff5a5d2269ed5ad43b0592e9a14 + h94/IP-Adapter @ 018e402774aeeddd60609b4ecdb7e298259dc729 at scale 0.0","DIAGNOSTIC, not a pass/fail controllability condition: differing PNG hashes alone would NOT have failed the lower bound, because loading IP-Adapter replaces attention processors and may alter the execution graph even at zero scale. Conditions C1-C4; also a 512x1536 text-only baseline so EXP-013 has one to be compared against",n/a (inference only),n/a (inference only),30,1,n/a (inference only),512x512 (24 runs) and 512x1536 (9 runs),42; 1337; 2026,"NVIDIA GeForce RTX 4060 Laptop GPU (sm_89, 8187.5 MiB)",text-only 2675.38 MiB @512x512 and 3892.01 MiB @512x1536; ip-adapter scale 0.0 3924.07 MiB @512x512,"text-only median 3.248 s @512x512, 11.837 s @512x1536; ip-adapter scale 0.0 median 3.406 s",docs/evidence/EXP-010/; docs/evidence/prototype-2/lower-bound-diagnostic.md,"33/33 ok. Human aggregate scores: text-only 512x512 = prompt 3, style 3, reference blank (no reference image), quality 4, decal 2, composition 3, artefacts 4, originality 4, diversity 4, copy risk blank. TEXT-ONLY AT 512x1536 IS NOT SCORED - it was not visually rescored from the M4 sheets and no M3 value was substituted","Both comparisons maximally positive, tested rather than promised. 12/12 IP-Adapter runs at scale 0.0 are BYTE-IDENTICAL to the text-only baseline, so the lower bound is the baseline exactly rather than approximately. 12/12 M4 baselines are BYTE-IDENTICAL to Prototype 1 EXP-002, giving cross-milestone repeatability and proving the M4 baseline is the M3 baseline.",Controllability condition 1 met; the M3 and M4 figures are directly comparable,d15dc17
EXP-011,2026-08-01,2,"RQ6: when reference and prompt conflict, which wins as influence rises, and what does a framed, text-heavy landscape reference transfer?",Reference authority grows with influence at the cost of prompt adherence,dataset v1 holdout (read-only); references R3 (conflict) and R5 (difficult),stable-diffusion-v1-5/stable-diffusion-v1-5 @ 451f4fe16113bff5a5d2269ed5ad43b0592e9a14 and stable-diffusion-v1-5/stable-diffusion-v1-5 @ 451f4fe16113bff5a5d2269ed5ad43b0592e9a14 + h94/IP-Adapter @ 018e402774aeeddd60609b4ecdb7e298259dc729,C5 conflict (figurative ukiyo-e reference vs minimal-geometric prompt P2-geo) and C6 difficult (landscape framed text-dominated WPA poster vs P1-poster); weak/medium/strong; one fresh process per method,n/a (inference only),n/a (inference only),30 nominal,1,n/a (inference only),512x512,42; 1337; 2026,"NVIDIA GeForce RTX 4060 Laptop GPU (sm_89, 8187.5 MiB)",img2img 2675.38 MiB; ip-adapter 3924.07 MiB,img2img 66.68 s wall for 18 runs; ip-adapter 89.42 s wall for 18 runs,docs/evidence/EXP-011/; contact sheets conflict-text-vs-reference.jpg and difficult-reference-artefacts.jpg,"36/36 ok. Human failure-mode observations in docs/evidence/EXP-015-scoring/failure-mode-probe.md. At C6 both methods WORSEN unwanted_frame, pseudo_text and background_transfer at medium and strong; img2img weak shows none of the six; ip-adapter weak worsens repeated_elements and pseudo_text","Prompt loss as influence rises is the measurement, not a defect, and strength was never quietly lowered to make an output look better. Frame and pseudo-text transfer from framed, text-dominated scans is confirmed for BOTH methods at medium and above - direct evidence for the two open M2 dataset findings.","Evidence handed to Prototype 4 (M6), where the dataset mitigation decision (crop pass vs negative prompting) is taken with training evidence",d15dc17
EXP-012,2026-08-01,2,Does IP-Adapter-Plus preserve content or transfer style better than the base variant?,The Plus variant trades content preservation against style influence,dataset v1 holdout (read-only) + seeded generator; references R1-R4,stable-diffusion-v1-5/stable-diffusion-v1-5 @ 451f4fe16113bff5a5d2269ed5ad43b0592e9a14 + h94/IP-Adapter ip-adapter-plus_sd15.safetensors @ 018e402774,"Within-method variant, MEDIUM LEVEL ONLY by design (scale 0.55); conditions C1-C4; own fresh process because a different adapter variant is a different process by the boundary rule",n/a (inference only),n/a (inference only),30,1,n/a (inference only),512x512,42; 1337; 2026,"NVIDIA GeForce RTX 4060 Laptop GPU (sm_89, 8187.5 MiB)","3978.87 MiB allocated (+54.80 over base IP-Adapter, +1303.49 over the text-only baseline)",median 3.436 s; 73.21 s wall for 12 runs,docs/evidence/EXP-012/; column 4 of method-comparison-medium-seed42.jpg,"12/12 ok. Human aggregate: prompt 3, style 5, reference 4, quality 4, decal 4, composition 4, artefacts 3, originality 4, diversity 4, copy risk 4 - strong quality and diversity but no decisive advantage over standard IP-Adapter","NOT SELECTED: no decisive visual advantage over the base variant at slightly higher VRAM. Monotonicity is NOT APPLICABLE rather than failed - it ran at one level only by design, so monotonicity is untestable for it.",Base IP-Adapter selected instead (DR-008); Plus remains available but unused,d15dc17
EXP-013,2026-08-01,2,RQ6/RQ8: does controllable reference conditioning survive the DR-007 deck format 512x1536?,"img2img degrades at 512x1536 because a reference must be cropped to 1:3, while IP-Adapter does not","dataset v1 holdout (read-only) + seeded generator; references R1, R2, R4",stable-diffusion-v1-5/stable-diffusion-v1-5 @ 451f4fe16113bff5a5d2269ed5ad43b0592e9a14 and stable-diffusion-v1-5/stable-diffusion-v1-5 @ 451f4fe16113bff5a5d2269ed5ad43b0592e9a14 + h94/IP-Adapter @ 018e402774aeeddd60609b4ecdb7e298259dc729,"Deck format only, medium level only (img2img strength 0.65, IP-Adapter scale 0.55); conditions C1, C2, C4; one fresh process per method because a different resolution is a different process",n/a (inference only),n/a (inference only),30 nominal; 19 effective for img2img at 0.65,1,n/a (inference only),512x1536,42; 1337; 2026,"NVIDIA GeForce RTX 4060 Laptop GPU (sm_89, 8187.5 MiB)","img2img 3892.01 MiB allocated - byte-identical to the text-only baseline, zero extra. ip-adapter 5140.69 MiB (+1248.68, the SAME fixed overhead as at 512x512) with PEAK DEVICE USED 7965.5 MiB of 8187.5 MiB physical - about 222 MiB spare, which is NOT to be described as comfortable headroom",img2img median 7.980 s (fewer effective steps); ip-adapter median 12.022 s; text-only baseline 11.837 s,docs/evidence/EXP-013/; deck-format-512x1536.jpg; docs/evidence/prototype-2/copy-risk.md,"18/18 ok, tier 0, no overflow flag. Human aggregate: img2img 0.65 = originality 1 and copy risk 1, REJECTED as primary production mode; ip-adapter 0.55 = originality 4 and copy risk 4, visually usable and original. Failure probe: img2img C2/C4 worsen background_transfer (near-copy); ip-adapter C2/C4 REDUCE it but C4 worsens vertical_stretching and C1 worsens repeated_elements","The hypothesis is CONFIRMED, and more sharply than expected. All six copy-risk flags in the entire milestone (dHash <= 6) are img2img at 512x1536 on the two references that are natively 512x1536, three of them at dHash 0-1 and perceptually indistinguishable from the reference. Median dHash for img2img at medium is 27 at 512x512 but 5 at 512x1536. Mechanism: img2img forces the reference into the output resolution, so when the aspect already matches nothing is cropped and denoising at 0.65 starts from an essentially intact copy. IP-Adapter shows no near-copy flag but is memory-critical here.",Decisive input to DR-008. A combined SD 1.5 + LoRA + IP-Adapter smoke test at 512x1536 is a mandatory acceptance item for the next relevant milestone (risk R12),d15dc17
EXP-014,2026-08-01,2,"What do offline perceptual and CLIP indicators say about reference influence, ordering and near-copy risk?",Median overall reference-image similarity rises monotonically with the shared influence level,n/a (post-processing over finished images; no generation),Evaluation encoder h94/IP-Adapter models/image_encoder @ 018e402774 (CLIP ViT-H). NOT a generation workload,"PHASE 2, OWN PROCESS, CPU, AFTER all generation finished. A pytest asserts the Phase-1 runner never imports this module: loading a 2.35 GiB metric encoder inside a text-only or img2img generation process would have inflated exactly the VRAM figures the comparison rests on. Preprocessing CLIPImageProcessor(size=224, crop_size=224), built the way diffusers builds it, since the subfolder ships no preprocessor_config.json",n/a (inference only),n/a (inference only),0 generations,1,n/a (inference only),evaluates 512x512 and 512x1536 outputs,n/a (no generation),CPU only - deliberately excluded from every generation VRAM and latency figure,not measured (CPU evaluation workload; by design it enters no generation figure),393.006 s for 297 images; encoder load 0.483 s,"docs/evidence/EXP-014/ (similarity-cpu.csv, evaluation-run-cpu.json); docs/evidence/prototype-2/monotonicity-check.md and copy-risk.md","297/297 evaluated, 0 failures. Automated indicators only - these support the human rubric and never replace it","Monotone in 6/6 conditions for img2img and 6/6 for IP-Adapter, clearing the >= 3-of-4 bar for both. 6 outputs flagged at dHash <= 6, all img2img at 512x1536. STATED LIMITATION: overall_reference_similarity entangles subject, composition, semantics, colour and style so it is not a style score, and it uses the same CLIP family IP-Adapter conditions on, making it descriptive WITHIN a method rather than a neutral referee BETWEEN methods.",Indicators fed the monotonicity and copy-risk reports; the human rubric remained the decision authority in DR-008,1985d8d
